lom_id,intuitiveness,fluidity,speed
20230623080523564008,"[64.521, 8.323, 12.688, 3.084, 13.065, 2.539, 43.916, 14.968, 38.0, 9.387, 25.336, 3.731, 57.426, 24.298, 8.231, 8.231, 8.231, 49.328, 33.609, 33.609, 26.02, 26.02, 23.359, 11.829, 4.707, 64.364, 33.426, 44.414, 0.714, 70.603, 2.398, 0.234, 9.698, 10.152, 9.933, 15.851, 0.221, 36.426, 0.374, 1.697, 1.349, 0.701, 9.387, 24.298, 1.809, 8.231, 2.539, 43.916, 29.014, 3.696, 16.892, 5.597, 0.707, 0.946, 1.247, 27.598, 0.227, 1.028, 1.912, 0.645, 1.517, 2.562, 13.283, 3.885, 6.375, 15.296, 2.732, 33.327, 1.183, 0.142, 62.929, 8.098, 83.21, 0.152, 23.205, 5.161, 9.473, 2.975, 9.284, 2.609, 41.298, 83.47, 0.406, 2.23, 0.508, 64.364, 33.426, 14.968, 0.566, 16.71, 17.028, 4.894, 1.947, 1.312, 2.249, 0.812, 2.855, 0.45, 2.526, 19.268, 0.593, 5.138, 57.426, 3.019, 0.872, 1.479, 1.766, 0.65, 0.826, 0.553, 18.198, 1.758, 18.97, 0.788, 0.678, 15.377, 0.581, 6.038, 3.861, 19.432, 7.874, 0.951, 15.31, 86.847, 2.098, 8.198, 6.219, 2.307, 3.262, 7.763, 1.107, 1.077, 0.935, 1.021, 1.479, 21.552, 2.533, 1.809, 4.485, 13.309, 2.398, 0.423, 0.873, 0.85, 3.498, 0.446, 1.214, 15.793, 7.48, 26.329, 16.438, 0.897, 0.715, 56.742, 2.021, 1.376, 3.398, 2.874, 0.77, 1.453, 2.715, 2.899, 13.012, 2.046, 4.272, 2.305, 0.526, 0.982, 1.357, 8.577, 2.661, 1.016, 0.317, 1.783, 1.118, 1.344, 5.04, 3.597, 1.091, 1.605, 0.867, 2.195, 1.663, 2.863, 0.503, 0.494, 5.728, 1.449, 2.526, 4.428, 3.632, 8.378, 11.846, 0.879, 1.809, 0.27, 26.02, 23.359, 4.707, 4.958, 1.136, 0.949, 4.382, 3.236, 0.787, 1.909, 4.883, 1.1, 1.18, 0.655, 0.413, 3.177, 2.668, 1.968, 0.67, 1.087, 0.442, 9.4, 8.327, 10.426, 2.679, 10.006, 1.445, 3.468, 2.374, 34.335, 8.603, 4.074, 6.67, 7.59, 2.493, 0.704, 5.615, 1.985, 2.182, 0.715, 0.421, 6.434, 3.044, 16.479, 0.973, 5.586, 1.695, 3.541, 1.88, 15.511, 6.399, 16.787, 0.121, 0.947, 0.123, 0.163, 24.888, 0.952, 0.722, 0.118, 0.12, 1.203, 0.141, 4.113, 1.088, 0.102, 2.607, 4.035, 7.524, 40.711, 0.126, 0.977, 3.747, 2.842, 0.395, 4.789, 2.072, 1.094, 2.335, 6.004, 0.964, 4.719, 0.998, 0.114, 1.071, 0.531, 0.106, 0.268, 10.555, 56.876, 0.508, 85.816, 0.635, 82.392, 80.732, 33.142, 0.376, 1.418, 13.992, 10.956, 5.242, 31.667, 2.449, 12.913, 30.269, 11.34, 0.686, 0.471, 2.711, 2.234, 0.656, 0.541, 0.538, 2.47, 1.434, 0.524, 1.743, 10.12, 53.027, 0.329, 7.82, 0.343, 0.41, 2.269, 0.423, 0.792, 2.708, 0.269, 0.512, 5.307, 0.96, 6.892, 0.941, 2.017, 0.301, 0.222, 0.238, 1.892, 26.454, 0.44, 0.464, 23.549, 7.536, 3.671, 4.61, 0.565, 6.883, 11.81, 1.03, 2.949, 0.95, 1.434, 26.838, 0.862, 16.736, 0.938, 1.45, 34.365, 2.318, 24.831, 45.778, 7.475, 6.836, 4.296, 9.075, 3.829, 2.382, 10.02, 12.264, 8.809, 9.192, 8.443, 3.716, 10.307, 2.868, 6.889, 4.675, 0.648, 0.597, 10.438, 20.264, 1.85, 0.229, 0.15, 2.487, 1.567, 2.785, 0.358, 16.372]","[5.022999999999996, 10.783000000000001, 84.02499999999999, 3.1710000000000065, 4.221999999999994, 17.352000000000004, 52.806, 18.924999999999997, 20.004000000000005, 32.127, 38.775000000000006, 4.8969999999999985, 9.260999999999996, 28.479000000000003, 28.479000000000003, 10.559000000000001, 7.338000000000008, 12.818, 4.100999999999999, 5.016000000000002, 9.681999999999999, 10.484000000000002, 7.872000000000002, 67.031, 9.866, 23.272, 44.175000000000004, 0.20199999999999999, 0.173, 0.656, 0.21799999999999997, 0.969, 32.127, 17.352000000000004, 1.2950000000000017, 0.17300000000000004, 0.0, 1.0060000000000002, 0.833, 3.0489999999999924, 0.38400000000000034, 0.4969999999999999, 52.806, 0.19200000000000006, 0.5739999999999998, 0.6070000000000002, 5.175, 0.2959999999999998, 0.7999999999999999, 0.34299999999999997, 1.2640000000000002, 29.915000000000003, 5.023000000000001, 9.01, 1.6859999999999982, 0.8520000000000001, 5.908, 0.8099999999999998, 2.691, 8.175, 28.479000000000003, 11.0, 92.584, 42.447, 34.39, 0.88, 6.496, 0.35299999999999976, 2.793, 5.715, 1.8769999999999998, 2.3040000000000003, 2.553, 0.0, 12.915000000000001, 1.2810000000000001, 1.002, 1.488, 0.619, 1.0799999999999998, 3.004, 0.13800000000000523, 1.1219999999999999, 5.010000000000005, 5.3729999999999976, 5.38, 8.415000000000001, 33.584999999999994, 0.49999999999999994, 0.5780000000000001, 1.33, 4.984, 0.21900000000000003, 0.18799999999999994, 0.15500000000000003, 0.18799999999999994, 0.204, 0.17099999999999999, 0.21899999999999997, 0.20299999999999996, 0.5, 0.42300000000000004, 0.5680000000000001, 1.824]","[3, 1, 1, 4, 1, 1, 2, 2, 3, 2, 2, 1, 1, 1, 1, 1, 1, 3, 1, 1, 2, 2, 1, 2, 1, 1, 1, 1, 1, 2, 2, 1, 5, 2, 3, 3, 5, 1, 2, 1, 1, 1, 2, 1, 1, 1, 1, 2, 2, 1, 1, 1, 2, 1, 1, 1, 1, 1, 1, 1, 1, 3, 1, 1, 1, 1, 1, 1, 1, 2, 3, 1, 1, 1, 1, 1, 2, 1, 1, 1, 1, 1, 1, 1, 1, 1, 1, 2, 1, 1, 1, 1, 1, 1, 1, 1, 1, 1, 1, 1, 1, 1, 1, 1, 5, 1, 2, 1, 2, 3, 1, 1, 1, 1, 1, 1, 1, 1, 1, 2, 1, 3, 2, 1, 1, 1, 1, 1, 1, 1, 1, 1, 1, 2, 1, 1, 1, 1, 1, 1, 1, 1, 1, 1, 1, 1, 1, 1, 1, 1, 1, 1, 1, 1, 1, 1, 1, 1, 1, 1, 1, 1, 1, 1, 1, 1, 1, 1, 1, 1, 1, 2, 1, 1, 1, 1, 1, 1, 1, 1, 1, 1, 3, 1, 1, 1, 1, 1, 1, 1, 1, 1, 1, 1, 1, 2, 2, 1, 1, 2, 2, 2, 1, 2, 3, 1, 2, 1, 2, 1, 1, 1, 1, 1, 1, 1, 1, 1, 2, 1, 1, 1, 1, 1, 1, 1, 1, 2, 1, 1, 1, 1, 1, 1, 1, 3, 1, 1, 1, 1, 1, 1, 2, 1, 1, 1, 1, 1, 1, 1, 1, 1, 1, 2, 1, 2, 1, 1, 2, 1, 1, 2, 1, 1, 1, 1, 2, 1, 1, 1, 1, 1, 1, 1, 1, 1, 1, 1, 1, 2, 1, 2, 1, 1, 1, 3, 1, 1, 1, 1, 2, 2, 2, 1, 1, 1, 1, 1, 1, 1, 1, 1, 1, 1, 1, 1, 1, 1, 1, 1, 3, 1, 1, 1, 1, 2, 1, 2, 1, 1, 1, 1, 1, 1, 1, 1, 2, 1, 2, 1, 5, 5, 3, 1, 1, 1, 1, 1, 1, 1, 1, 1, 1, 1, 2, 1, 2, 1, 1, 1, 1, 1, 1, 1, 1, 1, 1, 1, 1, 1, 1, 1, 1, 1, 1, 1, 1, 1, 1, 1, 1, 1, 1, 1, 1, 1, 1, 1, 1, 1, 1, 1, 1, 1, 1]"
20230623080523145006,"[89.433, 86.479, 98.946, 97.796, 93.591, 36.216, 61.17, 92.429, 41.588, 22.306, 0.342, 97.796, 36.216, 0.722, 2.531, 62.963, 4.997, 1.056, 1.016, 21.654, 0.261]","[38.567, 38.567, 0.7969999999999999]","[1, 1, 1, 1, 1, 2, 1, 1, 1, 1, 1, 1, 2, 2, 1, 1, 1, 1, 1, 1, 1]"
20230623080524194011,"[18.522, 20.093, 30.859, 16.448, 75.974, 88.795, 88.795, 9.321, 26.066, 31.626, 96.35, 22.44, 0.476, 93.904, 24.924, 1.358, 41.318, 97.037, 0.903, 2.854, 0.903, 97.037, 0.532, 75.974, 0.532, 0.672, 0.532, 0.237, 15.38, 0.532, 0.672, 0.532, 0.672, 1.183, 1.926, 1.474, 1.369, 1.863, 1.75, 2.727, 1.903, 2.539, 2.563, 2.811, 2.723, 2.884, 4.725, 1.165, 0.244, 10.504, 0.672, 2.854, 27.767, 0.668, 0.449, 1.021, 32.995, 1.514, 5.751, 0.672, 0.672, 0.532, 0.672, 0.532, 1.631, 5.874, 5.204, 5.791, 5.942, 19.688, 12.282, 4.787, 0.181, 1.148, 0.718, 2.625, 23.019, 1.246, 1.852, 0.253, 1.937, 1.036, 6.875, 1.648, 1.554, 1.482, 5.66, 1.217, 0.822, 0.852, 0.82, 0.579, 2.038, 3.238, 1.132, 1.398, 0.637, 1.274, 0.139, 1.827, 3.471, 1.11, 1.491, 0.577, 1.025, 7.805, 0.835, 6.537, 5.791, 2.854, 0.672, 0.416, 0.337, 4.786, 5.055, 0.446, 14.058, 17.1, 2.839, 4.683, 11.603, 2.648, 0.313, 0.672, 2.854, 0.532, 0.672, 0.431, 2.602, 3.237, 18.196, 0.654, 0.715, 87.211, 0.829, 2.449, 0.935, 0.534, 4.352, 0.594, 3.556, 0.575, 0.986, 0.934, 1.069, 0.916, 0.287, 3.955, 23.467, 45.81, 3.459, 0.183, 0.672, 1.696, 22.892, 5.316, 0.876, 0.79, 12.13, 1.124, 0.659, 0.913, 5.943, 2.854, 0.672, 1.565, 36.689, 1.397, 14.392, 0.532, 0.672, 4.17, 4.036, 6.781, 2.09, 3.257, 1.679, 0.805]","[4.2379999999999995, 4.316999999999993, 5.722999999999999, 6.192000000000007, 7.2379999999999995, 2.817, 3.5370000000000026, 5.708999999999996, 6.677, 7.474000000000004, 8.052, 8.661999999999999, 9.614999999999995, 4.316999999999993, 5.722999999999999, 6.192000000000007, 7.2379999999999995, 8.532, 1.7170000000000005, 2.404, 2.4210000000000003, 56.08800000000001, 0.641, 37.08, 4.374000000000002, 1.136, 21.368, 2.422, 2.5120000000000005, 0.923, 0.6720000000000006, 0.968, 0.657, 0.702, 0.7899999999999996, 0.776, 0.41700000000000026, 5.297000000000001, 3.3759999999999994, 15.479, 5.119, 19.180999999999997, 4.972000000000001, 0.538, 0.7030000000000001, 1.1400000000000001, 0.7969999999999997, 0.375, 6.968999999999999, 5.952999999999999, 6.953000000000003, 0.7809999999999988, 0.8279999999999994, 0.2970000000000006, 9.303, 2.5549999999999997, 0.7840000000000003, 0.3439999999999994, 3.54, 0.4159999999999995, 3.1340000000000003, 0.3200000000000003, 0.5879999999999992]","[1, 2, 1, 1, 5, 1, 1, 1, 9, 1, 1, 1, 1, 1, 1, 1, 1, 1, 1, 1, 1, 1, 1, 5, 1, 1, 1, 2, 3, 1, 1, 1, 1, 1, 1, 1, 1, 1, 1, 1, 1, 1, 1, 1, 1, 1, 1, 1, 1, 1, 1, 1, 1, 1, 1, 1, 1, 1, 3, 1, 1, 1, 1, 1, 1, 1, 2, 2, 1, 2, 1, 1, 2, 1, 1, 1, 1, 1, 1, 1, 1, 1, 1, 1, 1, 1, 1, 1, 1, 1, 1, 2, 1, 2, 1, 1, 1, 1, 1, 2, 1, 1, 1, 1, 1, 1, 2, 1, 1, 1, 1, 1, 1, 1, 3, 1, 1, 2, 1, 1, 1, 3, 1, 1, 1, 1, 1, 2, 8, 1, 1, 1, 1, 1, 2, 1, 1, 2, 1, 2, 9, 1, 1, 1, 1, 1, 1, 1, 1, 1, 1, 1, 1, 1, 2, 1, 1, 1, 1, 1, 1, 2, 1, 1, 1, 1, 1, 1, 1, 1, 1, 1, 1, 1, 1, 8, 1, 1]"
20230623080525883021,"[62.559, 7.986, 86.123, 21.742, 78.449, 47.491, 4.317, 1.715, 38.169, 1.334, 79.602, 79.602, 64.791, 27.945, 11.878, 9.196, 0.431, 75.182, 7.943, 0.624, 57.574, 11.878, 37.493, 1.102, 21.742, 1.669, 1.438, 1.892, 1.108, 1.282, 0.77, 0.834, 0.924, 0.926, 1.006, 0.857, 1.102, 1.251, 0.74, 1.256, 1.619, 1.485, 1.295, 13.104, 37.493, 0.778, 1.528, 1.262, 2.839, 0.112, 13.104, 37.493, 13.104, 9.129, 6.587, 3.781, 4.084, 4.178, 2.234, 11.213, 3.74, 2.388, 1.672, 0.741, 1.002, 1.106, 1.299, 1.39, 4.971, 3.933, 1.41, 1.863, 1.43, 2.711, 1.656, 1.331, 43.832, 14.98, 16.79, 0.934, 1.184, 0.256, 1.082, 0.792, 0.72, 0.528, 0.769, 0.968, 1.608, 0.788, 1.06, 37.493, 37.493, 6.429, 0.999, 4.489, 1.047, 1.496, 0.477, 0.308, 3.346, 1.044, 3.346, 0.601, 1.614, 1.736, 0.651, 3.039, 16.336, 1.169, 4.667, 0.11, 0.626, 0.611, 0.225, 0.649, 0.444, 0.405, 0.777, 0.553, 33.439, 0.992, 0.628, 32.081, 63.816, 1.172, 1.826, 0.988, 1.939, 1.09, 0.699, 1.117, 1.482, 1.831, 0.912, 1.035, 2.314, 1.209, 1.688, 1.217, 4.035, 1.694, 7.298, 3.012, 0.476, 5.526, 2.501, 2.328, 1.34, 10.052, 2.89, 0.942, 0.521, 0.982, 10.256, 2.915, 3.831, 2.531, 4.704, 1.243, 5.977, 0.595, 13.104, 3.346, 1.706, 5.269, 1.24, 1.38, 1.461, 1.05, 1.323, 1.068, 3.369, 1.78, 2.007, 1.377, 0.936, 0.422, 0.928, 3.402, 4.395, 1.753, 4.004, 1.567, 3.412, 1.257, 1.96, 1.037, 1.424, 2.407, 0.9, 2.001, 1.682, 1.142, 1.325, 9.665, 2.667, 2.131, 27.772, 1.062, 0.991, 3.346, 0.45, 3.346, 0.673, 9.539, 0.977, 1.664, 0.72, 0.505, 1.769, 1.123, 0.518, 0.576, 1.556, 1.462, 2.334, 2.053, 1.045, 0.358, 0.872, 1.044, 2.501, 1.096, 2.572, 5.557, 1.393, 48.971, 1.395, 9.138, 2.515, 1.751, 1.404, 1.713, 4.216, 1.804, 3.461, 1.034, 1.894, 1.029, 1.72, 1.367, 1.742, 1.689, 1.053, 2.207, 1.673, 13.608, 3.46, 13.104, 13.617, 2.877, 2.525, 8.114, 3.327, 1.514, 1.27, 2.158, 0.828, 1.585, 0.378, 1.137, 0.706, 1.696, 0.742, 3.584, 46.059, 1.317, 7.063, 12.955, 8.912, 1.507, 1.491, 1.527, 0.877, 2.992, 2.657, 1.409, 0.856, 1.531, 1.275, 0.447, 20.982, 1.557, 13.104, 0.45, 3.346, 1.305, 1.001, 1.016, 0.546, 1.233, 0.891, 1.124, 2.307, 2.684, 3.919, 1.642, 1.5, 0.679, 2.512, 0.823, 0.656, 4.661, 3.357, 3.392, 3.188, 3.451, 2.281, 2.951, 4.606]","[32.98400000000001, 76.45599999999999, 9.116999999999999, 46.964000000000006, 31.712999999999997, 14.007000000000005, 14.861999999999995, 16.567000000000007, 16.947000000000003, 16.947000000000003, 7.76100000000001, 16.991, 17.816000000000003, 18.317, 4.707999999999998, 4.897000000000002, 3.7439999999999998, 76.45599999999999, 0.6040000000000001, 0.483, 0.6569999999999999, 0.2819999999999999, 0.135, 0.71, 0.7729999999999999, 0.39200000000000124, 4.568, 0.8320000000000007, 1.0399999999999991, 0.6739999999999995, 2.940999999999999, 14.272000000000002, 0.3269999999999982, 0.39200000000000124, 4.568, 0.8320000000000007, 1.0399999999999991, 0.6739999999999995, 2.940999999999999, 14.272000000000002, 0.3269999999999982, 0.39200000000000124, 4.568, 0.8320000000000007, 1.0399999999999991, 0.6739999999999995, 2.940999999999999, 14.272000000000002, 0.3269999999999982, 1.2799999999999998, 0.692, 20.355999999999998, 23.318, 10.734000000000002, 30.897, 1.783, 16.496000000000002, 2.3520000000000003, 2.7279999999999998, 4.5360000000000005, 9.026, 0.505, 0.5740000000000001, 0.7639999999999999, 0.4059999999999999, 0.8910000000000001, 1.218, 0.5949999999999999, 8.32, 16.593, 10.048, 1.1360000000000001, 16.704, 3.516, 11.568, 0.8909999999999999, 17.281, 5.765000000000001, 0.6880000000000006, 0.39200000000000124, 4.568, 0.8320000000000007, 1.0399999999999991, 0.6739999999999995, 2.940999999999999, 14.272000000000002, 0.3269999999999982, 0.1559999999999997, 0.8900000000000006, 9.785, 16.208000000000002, 8.895999999999999, 3.3440000000000003, 1.8760000000000003, 0.31599999999999984, 0.41200000000000037, 0.3799999999999999, 0.39400000000000013, 1.217, 0.7840000000000003, 11.143999999999998, 8.286000000000001, 1.3179999999999996, 0.45499999999999985, 21.398, 10.235999999999999, 0.45399999999999996, 0.639, 0.31600000000000006, 0.5279999999999999, 8.872, 3.9040000000000004, 0.5419999999999998, 11.59, 2.526, 0.6820000000000004, 0.6819999999999999, 0.39200000000000124, 4.568, 0.8320000000000007, 1.0399999999999991, 0.6739999999999995, 2.940999999999999, 14.272000000000002, 0.3269999999999982, 0.8900000000000001, 16.844, 11.392000000000001, 4.088, 2.9379999999999997, 1.8280000000000003, 1.6559999999999997, 0.4220000000000006, 1.0159999999999991, 0.5940000000000012, 11.796, 0.26599999999999824, 21.469, 15.703, 0.39200000000000124, 4.568, 0.8320000000000007, 1.0399999999999991, 0.6739999999999995, 2.940999999999999, 14.272000000000002, 0.3269999999999982, 0.3760000000000001, 3.6229999999999998, 1.5759999999999996, 0.4240000000000004, 0.0, 0.7519999999999998, 0.0, 0.0, 0.0, 0.0, 0.0, 1.9359999999999995, 0.0, 0.8160000000000007, 0.4159999999999999, 0.0, 0.5529999999999999]","[2, 1, 1, 2, 1, 1, 3, 2, 4, 1, 2, 2, 2, 3, 1, 1, 1, 1, 4, 1, 1, 1, 1, 2, 2, 1, 1, 1, 1, 1, 2, 2, 2, 2, 2, 2, 1, 1, 2, 1, 1, 1, 1, 9, 1, 1, 1, 1, 1, 1, 9, 1, 9, 1, 1, 1, 1, 1, 1, 1, 1, 1, 1, 2, 1, 2, 1, 1, 1, 1, 2, 1, 1, 1, 2, 1, 1, 1, 3, 2, 1, 1, 1, 1, 1, 1, 1, 1, 1, 1, 3, 1, 1, 1, 2, 1, 2, 2, 2, 3, 1, 1, 1, 2, 1, 1, 1, 1, 1, 1, 1, 1, 1, 1, 2, 2, 1, 1, 1, 2, 1, 1, 1, 1, 1, 1, 1, 2, 1, 1, 1, 2, 2, 1, 1, 1, 2, 1, 1, 2, 1, 1, 1, 1, 2, 1, 1, 1, 2, 1, 1, 1, 2, 1, 2, 1, 2, 1, 2, 1, 1, 1, 9, 1, 1, 3, 2, 2, 1, 1, 1, 1, 1, 1, 1, 2, 1, 1, 2, 1, 1, 1, 1, 1, 2, 1, 4, 1, 2, 1, 2, 1, 3, 1, 3, 1, 1, 1, 1, 1, 1, 1, 1, 1, 2, 1, 2, 1, 2, 2, 1, 1, 2, 3, 1, 1, 1, 1, 1, 1, 1, 1, 1, 2, 1, 1, 1, 1, 2, 1, 1, 1, 1, 3, 1, 1, 1, 1, 3, 1, 1, 1, 1, 2, 1, 1, 1, 1, 1, 9, 1, 2, 1, 1, 1, 2, 2, 1, 2, 1, 10, 1, 1, 1, 1, 1, 1, 2, 1, 1, 1, 1, 1, 1, 1, 1, 1, 1, 1, 1, 1, 1, 1, 1, 9, 1, 1, 1, 2, 1, 1, 1, 1, 2, 1, 2, 1, 1, 1, 1, 1, 1, 1, 4, 2, 2, 2, 2, 5, 2, 3]"
20230623080526480025,"[46.706, 17.485, 2.98, 3.979, 53.194, 73.601, 92.998, 38.117, 4.342, 60.267, 4.779, 98.011, 1.387, 0.481, 0.869, 0.768, 0.946, 0.762, 1.046, 1.028, 0.992, 1.515, 0.768, 7.762, 0.69, 2.211, 0.798, 2.089, 1.374, 1.223, 0.752, 0.816, 1.098, 1.173, 0.568, 0.768, 8.984, 1.134, 2.465, 0.625, 0.601, 0.768, 4.484, 5.427, 0.69, 1.03, 2.089, 1.374, 0.683, 0.609, 5.427, 0.69, 0.601, 0.625, 0.625, 2.211, 2.465, 0.768, 4.484, 0.625, 12.817, 0.625, 2.086, 2.089, 0.88, 0.779, 1.753, 6.171, 1.623, 1.07, 4.48, 1.077, 2.274, 72.409, 0.798, 50.164, 0.835, 0.977, 2.343, 3.645, 40.989, 1.03, 2.274, 2.211, 1.03, 0.625, 40.989, 1.252, 21.822, 1.896, 0.625, 2.211, 1.03, 2.211, 1.03, 0.625, 0.816, 0.991, 1.105, 0.873, 0.977, 38.796, 4.503, 0.654, 2.098, 72.409, 0.609, 0.873, 0.837, 0.752, 2.274, 38.117, 0.109, 1.181, 46.962, 0.555, 0.653, 0.418, 0.835, 1.098, 0.983, 13.04, 1.33, 3.715, 0.418, 0.798, 3.715, 1.352, 0.418, 0.798, 1.352, 1.03, 3.715, 0.418, 7.762, 0.502, 81.353, 3.047, 7.918, 7.417, 0.969, 6.525, 1.034, 1.176, 1.891, 4.276, 1.658, 4.373, 0.634, 0.275, 2.672, 4.218, 1.25, 3.882, 7.128, 1.307, 0.288, 1.587, 1.52, 2.486, 0.798, 0.787, 43.716, 0.581, 1.977, 2.115, 0.593, 1.652, 5.723, 6.592, 1.995, 0.359, 3.768, 2.625, 2.076, 2.293, 1.663, 2.652, 1.65, 2.949, 0.798, 1.191, 1.188, 2.486, 9.608, 0.873, 1.772, 6.481, 2.744, 0.737, 0.194, 2.37, 1.969, 11.259, 45.393, 2.979, 1.854, 0.978, 29.919, 1.101, 20.158, 11.986, 13.727, 1.286, 1.692, 0.88, 0.382, 0.905, 0.869, 0.712, 1.652, 28.109, 4.288, 2.094, 1.782, 3.22, 16.752, 3.064, 0.717, 14.246, 2.081, 0.855, 1.315, 2.283, 1.003, 0.418, 1.339, 3.586, 14.804, 4.145, 1.914, 7.503, 4.857, 2.846, 0.82, 0.93, 0.969, 1.275, 2.164, 0.618, 6.0, 1.064, 0.788, 1.813, 3.055, 0.587, 0.929, 3.46, 3.16, 5.852, 1.837, 0.903, 2.611, 1.814, 2.154, 1.77, 1.052, 0.898, 0.818, 2.486, 9.608, 2.274, 0.837, 0.631, 0.579, 0.718, 7.248, 1.897, 1.326, 0.516, 0.907, 0.864, 0.802, 0.573, 2.361, 0.958, 61.968, 1.732, 2.274, 9.608, 2.486, 0.798, 9.164, 0.98, 0.787, 0.752, 8.561, 19.819, 0.274, 1.043, 3.175, 2.06, 3.61, 5.157, 1.901, 2.041, 3.651, 4.735, 1.496, 1.727, 2.65, 3.13, 2.537, 0.69, 3.032, 0.587, 4.237, 23.302, 1.542, 0.24, 1.108, 1.049, 0.711, 10.959, 0.971, 1.804]","[9.026, 41.528, 7.920000000000001, 57.67999999999999, 16.078000000000003, 13.773, 0.28, 0.32000000000000006, 0.29699999999999993, 1.4700000000000002, 0.12399999999999967, 32.153, 1.4700000000000002, 0.12399999999999967, 0.07999999999999985, 10.712, 4.781999999999998, 2.0100000000000016, 0.375, 13.638, 5.992000000000001, 2.0820000000000007, 3.2880000000000003, 32.153, 46.428999999999995, 12.195, 39.666, 0.4140000000000015, 1.433, 19.898, 0.23600000000000065, 2.7350000000000003, 1.2879999999999998, 1.2309999999999999, 48.736000000000004, 0.4379999999999997, 17.457, 7.605999999999999, 0.5260000000000016, 2.0619999999999994, 0.4379999999999997, 1.1099999999999994, 17.964, 0.367, 0.7649999999999999, 4.311999999999999, 0.3460000000000001, 0.3980000000000006, 0.9139999999999997, 4.035, 1.4329999999999998, 16.387, 19.636999999999997, 30.240000000000002, 0.03999999999999915, 4.616999999999999, 0.4379999999999997, 1.1099999999999994, 46.428999999999995, 12.195, 39.666, 0.4140000000000015, 1.137, 1.1099999999999994, 0.4379999999999997, 0.704, 0.2769999999999999, 55.489, 13.131, 0.34499999999999975, 5.220000000000001, 4.747999999999999, 16.705]","[1, 1, 1, 3, 1, 1, 1, 1, 4, 1, 2, 1, 1, 1, 1, 1, 1, 1, 1, 1, 2, 2, 1, 1, 1, 1, 1, 1, 1, 1, 1, 1, 1, 2, 1, 1, 1, 1, 1, 1, 3, 1, 1, 1, 1, 1, 1, 1, 1, 2, 1, 1, 3, 1, 1, 1, 1, 1, 1, 1, 1, 1, 1, 1, 1, 1, 1, 1, 1, 5, 1, 5, 1, 1, 1, 1, 1, 1, 1, 1, 1, 1, 1, 1, 1, 1, 1, 1, 2, 1, 1, 1, 1, 1, 1, 1, 1, 1, 1, 1, 1, 1, 1, 1, 1, 1, 2, 1, 5, 1, 1, 1, 2, 1, 1, 1, 1, 1, 1, 1, 1, 1, 1, 1, 1, 1, 1, 1, 1, 1, 1, 1, 1, 1, 1, 1, 1, 1, 1, 1, 3, 1, 1, 1, 1, 2, 1, 1, 2, 1, 1, 1, 1, 1, 1, 3, 1, 1, 1, 2, 1, 1, 1, 1, 1, 1, 2, 1, 1, 1, 1, 1, 1, 1, 1, 1, 1, 4, 1, 1, 1, 1, 1, 2, 2, 1, 1, 2, 2, 1, 2, 1, 7, 1, 1, 1, 1, 1, 1, 1, 1, 1, 1, 1, 1, 1, 1, 1, 1, 1, 1, 1, 1, 1, 1, 1, 1, 1, 1, 1, 1, 3, 1, 1, 1, 1, 1, 1, 1, 1, 1, 1, 3, 1, 1, 1, 1, 1, 1, 1, 1, 1, 1, 1, 1, 1, 1, 1, 1, 1, 1, 2, 1, 1, 1, 1, 1, 1, 1, 2, 2, 1, 5, 2, 1, 1, 1, 1, 1, 1, 1, 1, 1, 1, 1, 1, 1, 1, 1, 2, 2, 1, 1, 1, 1, 1, 1, 1, 2, 1, 1, 1, 1, 1, 2, 1, 1, 1, 2, 1, 1, 1, 1, 2, 2, 3, 1, 1, 1, 1, 1, 1, 1, 1, 2, 1]"
20230623080522657003,"[77.689, 90.596, 61.676, 78.108, 76.935, 23.741, 40.136, 57.275, 97.145, 2.112, 2.112, 91.307, 21.161, 79.08, 48.345, 57.224, 62.452, 91.307, 2.582, 0.902, 1.108, 0.533, 1.689, 2.37, 2.419, 2.345, 1.355, 1.847, 0.117, 0.865, 2.781, 3.798, 1.418, 2.35, 1.563, 4.746, 1.299, 2.424, 3.093, 7.12, 0.1, 97.145, 0.1, 12.562, 12.562, 0.68, 0.799, 1.71, 1.982, 9.247, 3.581, 2.412, 0.78, 0.82, 0.701, 1.059, 1.068, 17.064, 55.859, 67.357, 0.879, 0.324, 1.014, 7.356, 6.783, 1.397, 0.977, 3.453, 9.801, 19.86, 0.538, 1.146, 1.665, 2.903, 1.013, 21.161, 0.422, 0.721, 1.016, 1.472, 1.633, 1.534, 2.245, 1.883, 0.27, 2.021, 1.297, 4.978, 0.953, 2.737, 1.819, 8.811, 1.839, 4.49, 1.823, 7.278, 3.83, 6.686, 1.696, 6.369, 3.299, 6.15, 1.624, 6.194, 3.229, 5.637, 1.894, 6.128, 1.143, 6.059, 1.564, 6.708, 4.968, 6.74, 3.352, 7.269, 3.044, 6.587, 4.12, 5.75, 2.624, 10.316, 1.284, 6.406, 0.94]","[15.682999999999993, 65.28699999999999, 35.636, 1.6019999999999999, 1.547, 1.464, 0.9610000000000003, 1.2649999999999997, 1.112, 4.8069999999999995, 0.48099999999999987, 0.22500000000000142, 0.4499999999999993, 3.3680000000000003, 2.6160000000000014, 2.6160000000000014, 6.252, 5.68, 1.324, 0.6440000000000001, 68.939, 1.7659999999999998, 2.5940000000000003, 0.7809999999999997, 65.28699999999999, 1.16, 45.288000000000004]","[1, 1, 1, 2, 1, 1, 1, 1, 1, 1, 1, 1, 2, 1, 1, 2, 1, 1, 1, 1, 1, 2, 1, 1, 1, 1, 1, 1, 1, 2, 2, 1, 1, 1, 1, 1, 1, 1, 9, 1, 1, 1, 1, 2, 2, 1, 1, 2, 2, 1, 1, 1, 2, 1, 1, 2, 1, 2, 1, 1, 1, 4, 1, 1, 1, 1, 1, 1, 1, 1, 1, 1, 1, 1, 1, 2, 1, 1, 1, 1, 1, 1, 1, 1, 2, 1, 1, 1, 1, 1, 1, 1, 1, 1, 1, 1, 1, 1, 1, 1, 1, 1, 1, 1, 1, 1, 1, 1, 1, 1, 1, 1, 1, 1, 1, 1, 1, 1, 1, 1, 1, 1, 1, 1, 2]"
20230623080524815014,"[66.35, 25.838, 6.794, 24.342, 24.342, 17.513, 1.275, 0.14, 2.417, 2.453, 1.534, 10.29, 4.876, 0.993, 2.121, 1.132, 5.396, 1.12, 4.278, 1.359, 5.102, 4.859, 1.272, 1.764, 0.94, 4.49, 1.346, 1.923, 0.888, 5.198, 1.194, 1.895, 0.786, 6.859, 3.342, 4.978, 5.295, 1.427, 2.262, 1.141, 4.967, 1.433, 2.123, 1.126, 6.016, 1.447, 37.193, 4.391, 1.006, 3.251, 1.239, 1.003, 6.37, 1.144, 2.122, 2.395, 2.395, 2.122, 2.395, 2.122, 2.122, 2.395, 2.554, 0.154, 0.154, 1.377, 0.62, 5.639, 23.126, 7.237, 2.026, 2.395, 0.836, 2.799, 3.037, 0.564, 38.845, 2.395, 1.844, 3.244, 2.326, 2.082, 2.395, 7.111]","[16.381999999999998, 19.429000000000002, 5.3, 10.629, 3.9730000000000025, 5.645999999999997, 6.689, 3.9730000000000025, 5.645999999999997, 6.689, 2.94, 0.0, 0.0, 0.0, 0.0, 19.24, 0.17600000000000193, 1.823999999999998, 0.30400000000000205, 1.5999999999999979, 0.272000000000002, 1.4239999999999995, 0.1839999999999975, 1.1600000000000001, 0.1680000000000028, 1.0399999999999991, 0.19200000000000017, 0.815999999999999, 0.2480000000000011, 1.0079999999999991, 0.5760000000000005, 0.9920000000000009, 0.19200000000000017, 6.927999999999997, 0.2880000000000038, 1.5919999999999987, 4.567999999999998, 1.088000000000001, 0.2079999999999984, 1.8800000000000026, 1.2239999999999966, 0.43200000000000216, 4.479999999999997, 7.2620000000000005, 1.505, 0.17199999999999993]","[1, 3, 3, 4, 4, 1, 1, 2, 1, 1, 1, 1, 1, 1, 1, 1, 1, 1, 1, 1, 1, 1, 1, 1, 1, 1, 1, 1, 1, 1, 1, 1, 1, 1, 1, 1, 1, 1, 1, 1, 1, 1, 1, 1, 1, 1, 1, 1, 1, 1, 1, 1, 1, 1, 1, 1, 1, 1, 1, 1, 1, 1, 1, 2, 2, 2, 30, 1, 2, 1, 1, 1, 1, 1, 1, 2, 1, 1, 2, 1, 1, 1, 1, 1]"
20230623080520974001,"[3.945, 56.932, 13.053, 61.905, 4.038, 58.966, 23.233, 2.255, 1.616, 2.055, 1.449, 2.121, 1.853, 0.872, 1.062, 0.663, 44.328, 15.602, 38.077, 16.018, 7.825, 8.79, 5.621, 13.894, 5.665, 62.214, 6.394, 6.134, 6.148, 6.13, 12.935, 4.61, 5.753, 6.823, 4.697, 11.483, 2.265, 1.001, 2.951, 1.665, 13.744, 20.731, 6.452, 1.237, 0.87, 1.182, 4.828, 1.455, 1.116, 0.726, 2.092, 3.671, 11.572, 16.729, 0.61, 0.709, 2.405, 0.385, 0.552, 0.378, 1.398, 0.689, 28.913, 3.9, 4.267, 5.09, 7.686, 44.192, 5.898, 14.13, 36.918, 8.137, 43.15, 31.857, 0.354, 15.838, 12.674, 5.65, 9.196, 4.83, 11.034, 3.554, 5.665, 8.117, 16.53, 22.011, 1.232, 3.117, 2.763, 0.381, 1.502, 1.93, 21.631, 9.138, 0.186, 1.247, 31.81, 35.413, 5.29, 0.294, 10.34, 9.848, 15.378, 1.663, 2.483, 2.615, 4.63, 3.105, 2.306, 2.66, 0.811, 1.275, 1.012, 2.847, 1.154, 1.479, 0.553, 0.688, 0.89, 1.294, 2.978, 1.575, 2.15, 2.45, 1.221, 1.962, 0.611, 1.261, 1.298, 1.672, 1.626, 1.375, 2.18, 1.998, 1.048, 4.087, 1.403, 3.228, 2.819, 1.172, 3.274, 3.273, 1.922, 1.14, 1.366, 1.272, 1.803, 3.225, 1.532, 3.875, 4.936, 1.804, 2.17, 8.824, 24.55, 2.218, 1.104, 0.676, 0.435, 0.505, 0.508, 13.892, 0.387, 0.42, 1.438, 0.73, 2.489, 2.114, 3.936, 23.472, 12.566, 1.364, 3.398, 0.381, 0.404, 17.198, 2.491, 4.619, 3.256, 0.142, 0.172, 4.574, 1.204, 6.342, 3.982, 14.062, 1.891, 4.752, 4.988, 2.074, 6.793, 9.743, 1.694, 3.812, 6.801, 0.602, 0.793, 15.105, 4.915, 5.141, 7.176, 4.987, 4.563, 5.481, 0.658, 3.529, 14.482, 7.982, 6.412, 6.01, 2.289, 10.694, 2.471, 1.51, 5.849, 7.042, 8.114, 3.377, 5.294, 3.316, 5.843, 6.33, 6.308, 8.53, 8.767, 9.026, 9.021, 10.241, 10.269, 3.676, 2.384, 1.171, 1.146, 8.956, 11.468, 8.911, 4.038, 1.695, 0.463, 0.383, 1.976, 3.218, 1.35, 1.304, 2.241, 0.828, 2.32, 3.382, 1.292, 1.235, 1.203, 6.816, 9.801, 1.382, 3.287, 1.41, 1.492, 14.409, 18.065, 13.696, 23.717, 1.773, 4.647, 4.101, 6.733, 6.645, 4.607, 6.019, 21.752, 0.71, 7.321, 8.511, 1.171, 1.043, 1.626, 23.414, 3.793, 1.329, 1.975, 11.487, 1.139, 1.797, 1.005, 6.406, 0.401, 3.89, 79.834, 22.772, 3.226, 1.112, 2.677, 15.415, 0.89, 38.593, 1.101, 2.189, 12.158, 0.801, 1.752, 3.11, 3.011, 3.693, 3.027, 4.219, 22.937, 2.766, 0.942, 1.41, 0.877, 0.592, 0.898, 2.381, 2.194, 0.864, 0.33, 2.26, 3.01, 2.509, 1.221, 0.937, 0.319, 1.41, 0.942, 2.039, 1.223, 25.749, 16.954, 1.122, 0.552, 14.096, 3.11, 26.307, 1.528, 0.796, 0.951, 1.024, 1.289, 1.141, 0.855, 3.58, 0.601, 0.789, 8.682, 0.55, 0.744, 0.926, 1.914, 5.984, 4.054, 6.392, 3.151, 2.201, 3.342, 5.637, 2.709, 1.032, 16.907, 0.72, 3.08, 1.262, 2.305, 0.81, 1.221, 0.895, 3.045, 2.119, 2.637, 1.181, 0.918, 0.752, 7.308, 1.784, 1.665, 2.367]","[25.393, 47.812, 10.121, 12.352000000000004, 1.1999999999999997, 0.0, 8.112, 0.0, 0.7599999999999998, 3.625, 0.14500000000000024, 0.516, 0.4349999999999996, 6.366, 0.688, 1.2649999999999997, 0.9640000000000004, 3.2079999999999997, 1.0550000000000002, 0.0, 2.121, 0.0, 0.6079999999999997, 0.31099999999999994, 0.5519999999999999, 0.46399999999999997, 1.6449999999999996, 0.0, 0.18600000000000017, 0.0, 0.20799999999999996, 0.0, 0.2550000000000001, 0.0, 0.0, 0.22399999999999998, 0.0, 0.2240000000000002, 0.0, 0.7799999999999998, 0.3250000000000002, 0.0, 0.0, 0.19499999999999984, 0.0, 0.2230000000000001, 0.0, 0.7090000000000001, 0.1399999999999999, 0.16900000000000004, 0.0, 0.20100000000000007, 0.0, 0.22499999999999964, 0.677, 0.6649999999999999, 1.252, 0.8, 0.0, 0.948, 4.989, 24.043, 3.021000000000001, 0.4850000000000001, 1.4219999999999997, 1.4060000000000001, 1.6879999999999997, 2.187000000000001, 0.48499999999999943, 1.8119999999999994, 0.9599999999999991, 3.0840000000000005, 0.14600000000000002, 0.21800000000000008, 3.151, 3.3840000000000003, 2.142, 1.754, 0.8710000000000001, 1.256, 0.5799999999999998, 3.996, 0.1850000000000005, 7.9479999999999995, 5.5059999999999985, 2.224, 1.1460000000000008, 1.718, 14.790000000000003, 0.29299999999999926, 0.12399999999999523, 3.5230000000000032, 1.4249999999999972, 1.686, 1.125, 0.12300000000000022, 0.11500000000000021, 1.7870000000000004, 1.0169999999999995, 1.9280000000000002, 98.556, 14.607999999999999, 8.297, 19.151000000000003, 5.243, 3.096, 0.0, 2.7359999999999998, 0.5200000000000005, 0.0, 0.7509999999999994, 1.449, 0.0, 1.927, 0.0, 0.7669999999999995, 0.912, 1.7690000000000001]","[2, 1, 2, 1, 2, 1, 1, 1, 1, 1, 1, 1, 1, 1, 1, 1, 1, 1, 2, 1, 1, 1, 1, 1, 1, 1, 1, 1, 1, 1, 1, 1, 1, 1, 1, 1, 1, 1, 1, 1, 1, 1, 1, 1, 6, 1, 1, 1, 1, 1, 1, 1, 1, 1, 1, 1, 1, 1, 1, 1, 1, 1, 1, 1, 1, 1, 1, 1, 1, 1, 1, 1, 1, 1, 2, 1, 1, 1, 1, 1, 1, 1, 1, 1, 1, 1, 1, 1, 1, 1, 1, 5, 1, 1, 2, 1, 1, 1, 3, 1, 1, 1, 1, 1, 1, 1, 1, 2, 1, 1, 1, 1, 1, 1, 1, 1, 7, 1, 2, 1, 1, 1, 2, 2, 2, 2, 1, 2, 2, 2, 2, 2, 2, 2, 2, 2, 2, 3, 2, 2, 2, 2, 2, 1, 2, 4, 2, 2, 2, 2, 1, 1, 1, 1, 1, 1, 1, 1, 2, 2, 1, 1, 2, 2, 1, 1, 1, 1, 1, 1, 1, 2, 1, 2, 1, 1, 1, 1, 1, 2, 2, 1, 1, 1, 1, 1, 1, 1, 1, 1, 1, 1, 1, 1, 1, 1, 1, 2, 1, 1, 1, 1, 1, 1, 1, 1, 1, 1, 1, 1, 1, 1, 1, 1, 1, 1, 1, 1, 1, 1, 1, 1, 1, 1, 1, 1, 1, 1, 1, 1, 1, 1, 1, 1, 1, 1, 1, 2, 1, 1, 1, 1, 7, 1, 1, 1, 1, 1, 1, 1, 1, 1, 2, 1, 1, 1, 1, 1, 1, 1, 1, 1, 1, 1, 2, 1, 1, 1, 1, 3, 1, 1, 1, 1, 1, 2, 1, 1, 1, 1, 1, 1, 1, 1, 2, 1, 1, 1, 1, 1, 1, 1, 2, 1, 1, 1, 1, 2, 1, 1, 1, 1, 1, 1, 1, 1, 1, 1, 1, 1, 1, 1, 1, 2, 16, 4, 1, 3, 1, 2, 2, 1, 1, 1, 4, 1, 1, 2, 1, 1, 1, 1, 1, 1, 1, 1, 1, 1, 1, 1, 7, 1, 1, 6, 1, 2, 1, 1, 1, 1, 1, 1, 1, 2, 1, 1, 1, 1, 1, 1, 1, 1, 1, 1, 1, 1, 1, 1, 1, 1, 1, 1, 1, 1]"
20230623080525359018,"[41.859, 81.716, 57.163, 1.039, 46.429, 0.199, 0.727, 49.945, 1.073, 0.196, 0.422, 1.295, 2.317, 4.389, 0.873, 17.063, 17.063, 17.063, 17.063, 0.371, 17.165, 1.376, 0.491, 2.984, 1.648, 6.32, 17.223, 1.752, 0.195, 0.736, 0.745, 5.269, 3.964, 0.818, 0.85, 4.192, 5.633, 1.158, 31.331, 3.972]","[55.169000000000004, 0.579, 0.20299999999999996, 0.18699999999999994, 0.20300000000000007, 0.188, 0.594, 0.8279999999999998, 3.22, 2.7029999999999994, 0.1720000000000006, 0.4380000000000024, 0.5479999999999999, 33.318, 0.4870000000000019, 3.479999999999997, 8.591000000000001, 1.031, 0.18700000000000028, 1.3279999999999998, 6.561999999999999, 0.43899999999999995]","[2, 1, 1, 1, 1, 5, 1, 1, 1, 1, 3, 1, 2, 1, 1, 1, 1, 1, 1, 4, 2, 1, 2, 1, 1, 5, 1, 3, 2, 1, 1, 1, 2, 1, 2, 1, 1, 1, 1, 1]"
20230623080519924000,"[34.949, 8.197, 27.87, 54.253, 6.413, 19.543, 15.631, 1.094, 0.942, 1.181, 1.751, 0.661, 1.09, 1.566, 1.781, 2.36, 4.423, 1.617, 0.711, 1.972, 2.855, 10.982, 0.981, 0.931, 0.793, 0.821, 1.296, 1.401, 1.06, 1.086, 2.508, 1.425, 0.781, 1.357, 0.935, 2.268, 2.363, 3.529, 1.761, 2.04, 0.924, 0.72, 0.945, 1.991, 4.196, 2.194, 0.953, 0.981, 1.434, 1.219, 0.83, 2.268, 0.781, 1.357, 1.112, 1.581, 0.935, 8.197, 1.761, 1.581, 1.112, 1.527, 1.165, 0.829, 0.933, 1.541, 1.01, 1.407, 0.91, 1.434, 0.981, 1.433, 1.523, 2.367, 6.047, 1.357, 0.935, 1.583, 1.219, 0.83, 0.781, 2.268, 1.112, 1.425, 0.935, 6.047, 1.357, 1.527, 1.581, 2.363, 0.829, 0.735, 0.757, 0.945, 2.577, 1.45, 0.83, 1.425, 3.615, 1.357, 6.047, 0.781, 0.987, 2.367, 1.523, 0.981, 1.433, 0.83, 1.357, 0.935, 2.508, 2.367, 5.278, 1.523, 1.433, 0.981, 1.433, 3.615, 2.013, 0.829, 0.72, 12.093, 1.046, 2.72, 1.501, 1.303, 2.319, 0.725, 1.165, 4.78, 1.726, 2.668, 1.224, 2.231, 0.829, 1.165, 9.277, 0.828, 5.362, 2.315, 1.543, 3.529, 1.989, 1.761, 4.23, 1.112, 1.581, 1.527, 1.523, 0.87, 0.945, 0.757, 11.023, 8.428, 3.207, 0.904, 1.527, 1.481, 3.529, 1.761, 2.013, 1.112, 1.581, 1.527, 1.989, 1.523, 4.23, 1.481, 1.165, 0.725, 0.932, 1.581, 2.013, 1.527, 1.112, 1.523, 1.989, 1.543, 1.035, 12.762, 54.253, 3.206, 0.104, 0.1, 0.103, 0.102, 0.103, 0.102, 0.102, 0.103, 0.673, 0.1, 0.104, 0.105, 1.366, 5.455, 46.521, 63.691, 1.637, 7.48, 0.924, 1.425, 0.91, 4.23, 9.277, 1.703, 1.401, 0.835, 1.656, 0.942, 4.485, 12.671, 0.46, 1.511, 2.822, 1.477, 2.215, 0.845, 2.391, 2.086, 1.543, 3.529, 4.23, 0.91, 2.336, 0.822, 1.239, 3.502, 0.798, 8.622, 2.718, 0.992, 0.21, 3.615, 0.981, 0.645, 2.126, 1.371, 1.425, 3.529, 1.312, 1.004, 0.677, 1.814, 1.41, 1.004, 0.838, 0.845, 1.585, 0.84, 1.565, 1.818, 10.747, 2.26, 3.568, 0.659, 27.391, 1.627, 2.268, 2.126, 0.981, 1.371, 3.529, 3.615, 1.761, 1.007, 1.086, 0.988, 0.876, 71.844, 1.371, 2.319, 4.23, 0.981, 1.425, 1.06, 1.336, 2.632, 2.285, 1.694, 2.405, 6.167, 5.024, 1.029, 2.936, 7.066, 1.529, 1.203, 5.2, 2.464, 1.246, 19.648, 2.359, 1.841, 1.876, 20.632, 4.697, 2.353, 11.536, 44.81, 1.913, 4.24, 0.658, 0.981, 0.645, 2.126, 0.91, 1.165, 0.725, 2.37, 0.828, 36.888, 0.996, 0.793, 16.36, 1.37, 1.365, 1.175, 0.603, 3.283, 9.589, 69.902, 0.645, 2.126, 1.159, 1.263, 92.238, 1.873, 5.091, 2.257, 1.702, 1.259, 0.782, 2.183, 3.924, 2.073, 6.51, 2.419, 7.737, 1.411, 5.254, 1.28]","[22.923, 5.286999999999999, 5.783000000000001, 6.655000000000001, 8.239, 6.733999999999995, 6.563000000000002, 31.801000000000002, 33.437, 76.423, 1.2840000000000003, 56.521, 0.7459999999999951, 5.569000000000003, 4.091999999999999, 0.20199999999999996, 0.912, 0.8160000000000001, 0.9199999999999999, 0.928, 0.882, 1.1320000000000001, 0.5399999999999998, 0.19200000000000017, 0.19399999999999973, 0.18200000000000038, 1.4569999999999999, 1.5740000000000003, 31.163999999999998, 0.6159999999999997, 10.744, 3.656, 17.285, 0.619, 11.099, 10.956, 1.0350000000000001]","[1, 1, 2, 1, 7, 1, 3, 1, 1, 1, 1, 1, 1, 1, 1, 1, 1, 1, 1, 2, 1, 1, 1, 1, 1, 1, 1, 1, 1, 1, 1, 1, 1, 1, 1, 1, 1, 1, 1, 1, 1, 1, 1, 1, 1, 1, 1, 1, 1, 1, 1, 1, 1, 1, 1, 1, 1, 1, 1, 1, 1, 1, 1, 1, 1, 1, 1, 1, 1, 1, 1, 1, 1, 1, 1, 1, 1, 1, 1, 1, 1, 1, 1, 1, 1, 1, 1, 1, 1, 1, 1, 1, 1, 1, 1, 1, 1, 1, 1, 1, 1, 1, 1, 1, 1, 1, 1, 1, 1, 1, 1, 1, 1, 1, 1, 1, 1, 1, 1, 1, 1, 1, 1, 1, 1, 1, 1, 1, 1, 1, 1, 1, 1, 2, 1, 1, 1, 1, 1, 1, 1, 1, 1, 1, 1, 1, 1, 1, 1, 1, 1, 1, 1, 1, 1, 1, 1, 1, 1, 1, 1, 1, 1, 1, 1, 1, 1, 1, 1, 1, 5, 1, 1, 1, 1, 1, 1, 1, 1, 1, 1, 2, 1, 1, 1, 2, 2, 1, 1, 2, 1, 2, 2, 10, 1, 1, 1, 1, 1, 1, 1, 1, 1, 1, 1, 1, 1, 2, 1, 1, 1, 1, 1, 1, 1, 1, 1, 1, 1, 1, 1, 1, 1, 1, 1, 1, 1, 1, 1, 1, 1, 1, 2, 1, 1, 1, 1, 1, 1, 1, 1, 1, 2, 1, 1, 1, 1, 1, 1, 1, 1, 1, 1, 1, 1, 1, 1, 1, 1, 1, 1, 1, 1, 1, 1, 1, 1, 1, 1, 1, 1, 1, 1, 1, 1, 1, 1, 1, 1, 1, 1, 1, 1, 1, 1, 1, 1, 2, 1, 1, 1, 1, 1, 1, 1, 1, 1, 1, 1, 1, 1, 1, 1, 1, 1, 1, 1, 1, 1, 1, 1, 1, 1, 2, 1, 1, 1, 1, 1, 1, 1, 1, 1, 1, 2, 2, 1, 1, 1, 1, 1, 1, 1, 1, 1, 1, 1, 1, 1, 1, 1, 1]"
20230623080524958015,"[96.423, 38.758, 42.104, 5.298, 3.959, 0.621, 0.543, 2.69, 35.718, 1.134, 6.269, 3.029, 1.778, 0.5, 0.896, 0.443, 0.618, 3.297, 1.061, 1.001, 1.438, 1.659, 1.282, 3.772, 4.191, 0.405, 3.18, 1.33, 2.551, 0.502, 0.458, 0.936, 12.252, 0.45, 32.548, 1.368, 1.219, 11.678, 1.786, 1.193, 1.207, 0.712, 2.241, 0.896, 1.578, 1.643, 1.606, 6.437, 0.276, 1.699, 1.167, 0.274, 0.392, 1.706, 0.278, 0.279, 0.273, 0.392, 0.27, 0.279, 0.384, 0.161, 0.617, 2.102, 3.637, 1.057, 0.276, 1.907, 2.888, 0.111, 0.377, 0.285, 9.194, 0.938, 4.922, 0.848, 11.467, 1.26, 2.996, 47.107, 0.945, 25.063, 0.925, 1.18, 3.057, 13.969, 0.95, 36.899, 1.193, 2.209, 6.141, 1.1, 2.028, 35.068, 0.926, 58.205, 1.103, 3.192, 54.68, 0.932, 1.004, 1.935, 28.434, 1.806, 1.329, 2.795, 0.418, 68.626, 0.502, 0.442, 9.056, 1.042, 0.5, 0.648, 0.502, 0.528, 0.53, 0.531, 1.208, 1.343, 2.086, 1.08, 0.628, 16.522, 0.789, 6.453, 11.646, 4.584, 5.589, 5.149, 2.848, 4.69, 0.991, 5.216, 3.202, 0.117, 2.337, 1.129, 2.277, 0.942, 2.841, 0.798, 3.707, 4.035, 2.327, 1.941, 2.584, 0.741, 1.556, 1.028, 4.791, 0.813, 1.64, 1.457, 1.45, 0.953, 17.154]","[0.6310000000000002, 0.4129999999999998, 1.967, 0.0, 0.28, 0.2959999999999998, 0.30200000000000005, 12.44, 1.536, 20.376, 46.208, 1.376, 1.992, 1.04, 1.339, 2.7750000000000004, 8.264, 0.8160000000000007, 39.800999999999995, 2.6210000000000004, 1.96, 40.846, 2.944, 3.365, 2.541, 2.963, 2.976, 0.672, 0.704, 0.6799999999999999, 3.255, 0.0, 0.6150000000000002, 0.752, 58.479, 0.7759999999999998, 0.8730000000000001, 2.088, 0.3680000000000003, 1.3520000000000003, 4.039, 0.3590000000000002, 0.504, 0.6319999999999999, 0.7200000000000002, 7.544, 0.0, 0.6799999999999997]","[1, 1, 1, 1, 1, 1, 1, 3, 1, 1, 1, 1, 1, 1, 1, 1, 1, 2, 1, 1, 1, 1, 1, 1, 2, 1, 1, 1, 1, 1, 1, 1, 1, 1, 1, 1, 1, 1, 1, 2, 1, 1, 2, 1, 1, 2, 1, 1, 2, 1, 1, 2, 2, 2, 1, 1, 2, 1, 2, 2, 1, 1, 1, 1, 1, 2, 2, 1, 1, 1, 1, 4, 1, 2, 1, 2, 1, 1, 1, 1, 2, 1, 2, 1, 1, 1, 2, 1, 1, 1, 1, 1, 1, 1, 2, 1, 1, 1, 1, 2, 1, 1, 1, 1, 1, 1, 2, 1, 1, 1, 1, 1, 1, 1, 1, 1, 1, 1, 1, 1, 1, 1, 1, 1, 2, 1, 1, 1, 1, 1, 1, 1, 1, 1, 1, 3, 1, 1, 1, 4, 1, 2, 1, 1, 1, 2, 2, 2, 1, 1, 1, 5, 2, 1, 4, 4, 1]"
20230623080523360007,"[10.106, 6.683, 97.96, 29.791, 12.788, 72.148, 54.721, 10.209, 49.747, 13.703, 29.908, 96.134, 67.593, 64.015, 72.148, 12.788, 17.404, 1.163, 1.16, 0.519, 2.072, 0.135, 1.51, 3.599, 0.775, 0.752, 1.066, 0.643, 1.346, 1.368, 1.345, 0.643, 0.956, 0.743, 0.952, 0.984, 0.826, 1.301, 0.541, 0.354, 1.076, 0.159, 0.529, 0.338, 3.367, 4.061, 4.061, 2.07, 0.816, 0.837, 0.284, 1.129, 0.948, 1.06, 1.248, 1.0, 0.252, 1.174, 1.505, 1.284, 0.68, 1.262, 0.869, 1.01, 0.247, 1.656, 4.231, 1.264, 0.763, 0.719, 2.273, 0.642, 0.635, 0.402, 1.279, 0.759, 0.685, 0.463, 0.521, 0.347, 0.771, 0.413, 1.262, 1.051, 1.234, 0.389, 1.47, 2.012, 1.644, 2.186, 11.092, 1.31, 7.267, 4.061, 4.061, 4.061, 7.9, 97.96, 7.208, 0.687, 0.518, 0.163, 0.217, 0.267, 0.272, 2.927, 0.354, 3.656, 4.061, 16.94, 2.0, 5.492, 1.806, 2.147, 14.296, 5.458, 0.289, 0.994, 0.908, 1.083, 1.037, 0.3, 0.3, 0.8, 0.94, 1.11, 0.908, 0.922, 1.589, 1.253, 1.272, 0.542, 0.249, 0.559, 0.78, 1.578, 1.11, 0.448, 1.105, 66.026, 1.738, 19.134, 1.091, 0.541, 1.368, 0.708, 0.831, 0.779, 0.249, 1.228, 1.025, 0.622, 0.207, 10.667, 1.326, 1.376, 0.699, 1.649, 7.288, 5.274, 4.061, 0.339, 1.877, 1.881, 4.203, 0.439, 2.889, 7.853, 10.614, 1.155, 8.108, 49.537, 0.775, 1.056, 0.36, 8.653, 3.305, 0.485, 0.532, 0.429, 1.205, 0.962]","[6.581000000000001, 9.837, 11.077999999999996, 67.007, 72.327, 11.757999999999996, 26.955, 19.022000000000002, 20.125, 49.013000000000005, 8.504000000000005, 2.235, 27.592, 4.1850000000000005, 6.656000000000001, 28.968, 10.421, 0.5599999999999999, 0.5419999999999999, 1.145, 1.182, 0.6239999999999999, 1.3279999999999998, 5.723, 1.3079999999999998, 3.061, 27.665, 0.33699999999999997, 0.5359999999999999, 1.213, 0.472, 0.44699999999999995, 0.5759999999999998]","[4, 1, 1, 2, 1, 1, 1, 3, 2, 3, 2, 1, 1, 2, 1, 1, 1, 1, 1, 2, 1, 1, 1, 1, 1, 1, 1, 2, 1, 1, 1, 1, 1, 1, 1, 1, 1, 1, 1, 1, 2, 1, 1, 1, 1, 1, 1, 1, 1, 1, 1, 1, 2, 1, 1, 1, 2, 1, 1, 1, 1, 1, 1, 1, 2, 1, 1, 1, 1, 1, 1, 2, 1, 2, 1, 1, 1, 2, 1, 2, 1, 2, 1, 1, 1, 1, 1, 1, 1, 2, 1, 1, 1, 1, 1, 1, 1, 1, 1, 1, 1, 1, 1, 1, 1, 1, 2, 1, 1, 1, 1, 1, 1, 1, 1, 1, 1, 1, 1, 1, 1, 1, 1, 1, 1, 1, 1, 1, 1, 1, 1, 1, 1, 2, 2, 1, 1, 2, 1, 1, 1, 1, 1, 1, 1, 1, 1, 1, 1, 2, 1, 1, 1, 1, 1, 1, 1, 1, 1, 1, 1, 1, 1, 1, 1, 1, 1, 1, 1, 1, 1, 1, 2, 1, 2, 1, 2, 1, 2, 2, 1, 1]"
20230623080526878028,"[28.333, 12.049, 21.215, 85.61, 34.863, 67.7, 5.899, 1.662, 4.546, 0.412, 1.199, 1.215, 0.981, 4.394, 9.137, 0.342, 1.857, 2.556, 3.443, 0.127, 0.816, 0.124, 0.767, 0.82, 0.786, 2.454, 5.928, 5.406, 0.26, 1.404, 1.197, 0.22, 3.378, 16.02, 13.234, 1.185, 1.966, 7.398, 0.685, 57.261, 11.57, 0.804, 0.327, 2.199, 1.944, 5.235, 27.294, 18.83, 19.799, 14.289, 26.695, 13.431, 0.663, 1.877, 0.84, 1.658, 2.671, 5.314, 2.032, 0.78, 0.127, 4.834, 3.043, 2.232, 7.244, 1.916, 1.68, 3.603, 7.204, 2.69, 1.78, 10.45, 1.693, 6.354, 12.442, 3.943, 1.458, 3.857, 0.479, 0.207, 0.327, 11.358, 0.758, 2.706, 19.301, 39.027, 14.605, 6.176, 3.865, 8.98, 4.748, 1.252, 1.851, 1.52, 3.9, 5.375, 2.246, 2.741, 0.605, 1.393, 1.71, 4.686, 1.43, 2.328, 1.579, 0.558, 1.36, 0.686, 2.247, 1.846, 5.636, 1.692, 0.172, 3.41, 4.546, 2.725, 2.035, 1.772, 2.003, 0.247, 3.659, 1.865, 27.493, 17.24, 4.778, 1.993, 6.787, 3.029, 7.559, 2.315, 14.916, 1.483, 1.176, 2.398, 0.842, 1.736, 0.682, 0.853, 2.26, 1.905, 5.915, 62.03, 1.979, 14.005, 1.088, 2.585, 34.863, 2.564, 13.378, 2.342, 9.907, 2.704, 1.557, 2.361, 0.916, 0.631, 1.507, 1.044, 0.419, 1.001, 0.38, 0.26, 0.139, 0.243, 0.26, 0.165, 0.219, 0.161, 0.104, 0.308, 0.279, 0.269, 0.28, 0.966, 0.28, 0.106, 0.169, 0.632, 0.279, 0.262, 0.283, 1.016, 0.275, 0.262, 1.174, 0.279, 0.279, 0.261, 0.283, 0.279, 0.128, 0.197, 0.279, 1.0, 0.196, 0.805, 0.279, 0.258, 0.196, 0.136, 0.261, 0.197, 0.279, 0.263, 0.307, 0.279, 0.279, 0.279, 0.262, 0.282, 0.25, 0.196, 0.8, 0.275, 2.347, 15.381, 9.135, 6.678, 4.201, 1.556, 8.899, 3.892, 2.807, 0.747, 2.248, 0.173, 0.27, 0.96, 0.277, 0.277, 0.258, 0.221, 2.54, 2.395, 0.242, 0.301, 0.301, 0.917, 0.321, 1.247, 0.301, 0.102, 0.323, 0.194, 0.291, 0.242, 0.838, 0.302, 0.29, 0.305, 0.302, 0.302, 0.291, 0.306, 0.871, 0.289, 0.329, 0.241, 0.301, 2.039, 0.43, 59.956, 7.88, 0.238, 0.706, 0.297, 0.286, 0.24, 0.295, 0.963, 0.106, 0.137, 0.309, 0.296, 0.298, 0.285, 0.318, 0.297, 0.108, 0.285, 0.317, 1.138, 0.698, 0.286, 0.309, 0.85, 0.297, 0.287, 0.241, 1.002, 0.298, 0.287, 0.789, 0.236, 0.298, 0.247, 0.286, 0.24, 0.299, 0.987, 0.24, 1.068, 0.299, 0.288, 0.239, 0.299, 0.179, 0.288, 0.312, 0.292, 1.01, 0.319, 0.299, 0.288, 0.3, 4.006, 3.422, 1.24, 0.253, 7.513, 9.029, 3.734, 1.609, 5.997, 29.408, 1.822, 1.488, 0.824, 1.095, 0.197, 9.412, 1.121, 0.335, 1.192, 0.893, 0.943, 1.206, 1.601, 0.929, 0.678, 0.827, 1.293, 0.708, 0.24, 3.248, 4.715, 4.79, 2.914, 7.536, 2.632, 6.043, 4.331, 5.633, 30.942, 0.663, 7.269, 0.19, 0.568, 0.131, 0.141, 0.586, 1.18, 2.962, 1.029, 0.7, 0.272, 0.273, 0.324, 1.157, 0.725, 0.965, 0.637, 0.837, 1.03, 0.781, 0.63, 2.069, 0.973, 1.157, 1.277, 0.669, 1.309, 1.546, 1.388, 1.509, 0.982, 1.092, 0.974, 0.837, 0.274, 0.263, 0.27, 0.98, 1.008, 2.919, 1.783, 4.616, 2.563, 1.418, 0.848, 31.568, 1.223, 2.104, 2.381, 0.993, 1.709, 5.442, 1.753, 1.925, 2.032, 0.759, 2.191, 1.501, 1.956, 1.753, 1.246, 2.44, 0.371]","[7.366, 28.451, 28.808000000000007, 30.567999999999998, 22.966, 3.3359999999999994, 5.711, 8.569999999999999, 10.148000000000003, 10.366, 4.674999999999997, 4.078, 14.224, 1.5379999999999998, 4.48, 0.6880000000000001, 4.399999999999999, 5.849, 35.827999999999996, 5.392, 58.967, 0.38000000000000034, 0.01399999999999979, 0.8320000000000001, 1.7479999999999998, 4.942, 13.326999999999998, 47.25000000000001, 31.123999999999995, 0.5680000000000001, 0.20999999999999996, 0.531, 22.833000000000002, 0.8460000000000001, 0.3599999999999999, 22.092, 22.966, 2.53, 3.16, 4.4079999999999995, 0.984, 0.4720000000000004, 0.2160000000000002, 76.78500000000001, 0.9039999999999999, 0.528, 0.832, 0.3679999999999999, 2.2, 4.7, 0.512, 2.432, 1.984, 0.72, 0.5509999999999999, 0.6479999999999999, 0.5680000000000001, 2.562, 0.75, 0.641, 0.683, 0.188, 0.17200000000000004, 0.15499999999999992, 0.236, 0.3890000000000001, 0.43600000000000005, 0.528, 3.024, 0.28000000000000025, 2.688, 2.528, 0.37600000000000033, 0.41600000000000015, 0.4730000000000001]","[2, 4, 1, 1, 2, 1, 7, 1, 1, 2, 1, 1, 1, 1, 1, 1, 2, 1, 1, 1, 1, 2, 1, 1, 1, 1, 1, 1, 2, 1, 1, 2, 1, 1, 1, 1, 1, 1, 1, 2, 2, 1, 1, 1, 1, 1, 1, 1, 1, 1, 1, 1, 1, 1, 1, 2, 1, 1, 1, 1, 2, 2, 1, 1, 1, 1, 1, 1, 1, 1, 1, 1, 1, 1, 1, 1, 1, 1, 1, 1, 1, 1, 1, 1, 1, 1, 1, 1, 1, 1, 1, 1, 1, 1, 2, 1, 1, 2, 1, 1, 1, 1, 1, 1, 3, 1, 1, 1, 5, 1, 1, 1, 1, 1, 1, 2, 1, 1, 1, 1, 1, 1, 1, 1, 1, 1, 2, 1, 1, 1, 1, 1, 1, 1, 2, 1, 1, 1, 1, 1, 3, 1, 1, 1, 1, 3, 2, 1, 1, 1, 1, 1, 1, 1, 1, 1, 1, 1, 2, 1, 1, 2, 6, 1, 1, 1, 1, 2, 1, 1, 1, 1, 1, 1, 1, 1, 1, 1, 1, 1, 1, 1, 1, 1, 1, 1, 1, 1, 1, 1, 1, 1, 2, 1, 1, 1, 1, 1, 1, 2, 1, 1, 1, 1, 1, 1, 1, 1, 1, 1, 1, 1, 2, 2, 1, 1, 1, 2, 1, 1, 1, 1, 1, 1, 1, 1, 1, 1, 1, 1, 1, 1, 1, 1, 1, 1, 1, 1, 1, 1, 1, 1, 1, 2, 1, 1, 1, 1, 1, 1, 1, 1, 1, 1, 1, 1, 1, 1, 1, 3, 1, 1, 1, 1, 1, 1, 1, 1, 1, 1, 1, 1, 1, 2, 1, 1, 1, 1, 1, 1, 1, 1, 1, 1, 1, 1, 1, 1, 1, 1, 1, 1, 1, 1, 1, 1, 1, 1, 2, 1, 1, 1, 1, 1, 1, 1, 1, 1, 1, 2, 1, 1, 2, 1, 1, 1, 1, 1, 1, 1, 1, 1, 1, 1, 1, 1, 1, 1, 1, 2, 1, 1, 1, 1, 1, 1, 1, 1, 1, 1, 1, 1, 1, 2, 1, 1, 1, 1, 1, 1, 1, 1, 2, 1, 2, 1, 6, 2, 1, 1, 1, 1, 2, 1, 1, 3, 1, 2, 1, 1, 1, 1, 1, 1, 1, 1, 1, 1, 1, 1, 1, 1, 1, 1, 1, 1, 1, 1, 1, 1, 1, 1, 1, 1, 2, 1, 2, 1, 1, 1, 1, 1, 1, 1, 1, 1, 1, 2, 2, 1, 1, 1, 1, 1, 1, 1, 1, 1]"
20230623080526617026,"[65.62, 9.642, 48.6, 25.797, 11.604, 22.606, 96.949, 5.687, 76.189, 45.882, 48.6, 25.797, 1.061, 0.172, 8.921, 1.037, 0.961, 1.144]","[10.420999999999992, 13.918, 14.639, 15.463000000000001, 10.648, 0.9359999999999999, 2.024]","[2, 1, 1, 1, 1, 1, 1, 4, 1, 1, 1, 1, 1, 3, 1, 1, 2, 1]"
20230623080525226017,"[83.84, 90.851, 59.39, 80.882, 31.336, 80.882, 1.061, 1.337, 1.753, 0.986, 1.5, 1.481, 1.719, 1.686, 0.905, 0.973, 1.403, 12.761, 6.971, 22.049, 6.007, 8.837, 0.932, 1.11, 1.678, 1.068, 1.385, 1.83, 1.077, 1.094, 1.381, 1.426, 1.448, 0.794, 1.713, 0.921, 0.99, 1.435, 18.195, 2.289, 1.068, 0.517, 2.019, 8.03, 2.141, 1.278, 0.569, 2.024, 1.05, 0.783, 2.033, 4.429, 0.346, 0.344, 0.301, 5.315, 6.31, 0.699, 0.42, 0.832, 0.589, 0.619, 0.852, 0.832, 0.801, 2.346, 0.3, 0.894, 0.671, 0.291, 1.082, 0.299, 0.627, 1.477, 1.966, 2.571, 0.878, 0.22, 0.65, 0.276, 0.219, 1.075, 0.419, 2.943, 0.35, 0.318, 0.59, 0.618, 0.795, 0.657, 0.214, 0.902, 0.24, 0.944, 4.193, 0.658, 0.878]","[6.751000000000005, 4.0760000000000005, 18.29, 1.1099999999999999, 1.2899999999999998, 34.361, 0.40500000000000114, 3.9369999999999976, 8.735, 6.953000000000003, 33.125, 5.984999999999999, 9.802999999999999, 11.195, 0.6959999999999997, 4.671, 2.407, 0.766, 20.265, 0.6980000000000002, 0.792, 0.936, 0.31000000000000005, 0.8519999999999999, 17.656000000000002, 1.846, 0.7429999999999999, 10.776, 3.9320000000000004, 0.8619999999999999, 23.482, 5.795999999999996, 2.6719999999999997, 0.673, 0.963, 0.7579999999999999, 23.184]","[1, 1, 2, 1, 1, 1, 1, 1, 1, 1, 1, 1, 1, 1, 1, 1, 1, 1, 1, 2, 1, 2, 1, 1, 1, 1, 1, 1, 1, 1, 1, 1, 1, 2, 1, 2, 1, 1, 1, 1, 1, 7, 2, 2, 3, 1, 2, 1, 1, 1, 1, 1, 1, 1, 2, 3, 1, 1, 2, 1, 1, 2, 1, 1, 2, 5, 1, 1, 2, 1, 1, 1, 3, 1, 1, 1, 1, 1, 1, 1, 1, 1, 2, 3, 2, 2, 2, 1, 2, 1, 1, 1, 1, 1, 1, 1, 2]"
20230623080526156023,"[43.182, 50.044, 29.607, 29.607, 42.949, 29.607, 1.868, 0.1, 33.332, 0.176, 0.343, 0.288, 11.712, 22.089, 1.456, 1.482, 21.314, 1.657, 15.001, 4.665, 10.27, 44.47, 1.234, 14.805, 95.049, 12.936, 8.291, 7.411, 7.107, 6.55, 8.154, 12.199, 2.24, 14.132, 21.153, 2.665, 2.94, 5.621, 6.88, 9.104, 13.937, 5.403, 1.644, 0.95, 0.171, 0.844, 76.759, 0.272, 5.294, 0.26, 0.247, 0.769, 0.274, 0.257, 0.261, 0.276, 0.751, 0.263, 0.266, 0.205, 0.277, 0.277, 0.278, 0.264, 0.263, 0.17, 0.272, 0.273, 0.277, 0.262, 0.263, 0.266, 0.933, 0.279, 0.262, 0.898, 0.278, 0.26, 0.198, 0.279, 0.264, 0.281, 0.256, 0.291, 0.291, 0.184, 1.408, 29.218, 1.358, 15.368, 1.824, 1.088, 0.286, 1.225, 0.28, 0.183, 0.284, 0.782, 0.752, 0.296, 0.283, 2.414, 4.777, 0.256, 4.737, 3.474, 2.645, 5.065, 2.445, 6.997, 2.245, 3.396, 3.979, 6.296, 2.065, 4.372, 4.462, 1.032, 6.123, 2.093, 2.637, 4.493, 1.985, 3.896, 1.079, 6.538, 6.267, 2.669, 3.836, 3.186, 2.932, 2.951, 10.651]","[3.3829999999999956, 4.255000000000003, 4.255000000000003, 4.837999999999994, 5.8629999999999995, 7.222999999999999, 6.871000000000002, 8.887, 6.871000000000002, 8.887, 11.062000000000005, 6.871000000000002, 8.887, 1.01, 0.49600000000000005, 3.1209999999999996, 10.495999999999999, 0.5850000000000009, 2.2369999999999948, 9.449, 4.351, 5.414, 1.058, 1.83, 1.3120000000000003, 6.876, 0.608, 0.504, 0.705, 1.2559999999999998, 17.599999999999998, 0.0, 0.9830000000000001, 2.955, 0.0, 1.6180000000000003, 0.0, 0.0, 0.0, 0.0, 0.4559999999999995, 3.4160000000000004, 0.9759999999999991, 0.6719999999999997, 0.0, 0.0, 0.3760000000000001, 0.0, 1.1999999999999997, 0.4320000000000004, 0.0, 0.7839999999999998, 0.0, 0.544, 0.0, 0.6960000000000002, 0.0]","[7, 1, 3, 3, 2, 3, 1, 1, 1, 1, 2, 3, 3, 1, 1, 1, 1, 1, 1, 1, 1, 1, 1, 1, 2, 1, 1, 1, 1, 1, 1, 1, 2, 1, 1, 2, 2, 1, 1, 1, 1, 1, 5, 1, 1, 1, 1, 1, 1, 1, 1, 1, 1, 1, 1, 1, 1, 1, 1, 1, 1, 2, 1, 1, 1, 1, 1, 1, 1, 1, 1, 1, 1, 2, 1, 1, 1, 1, 1, 2, 1, 2, 1, 1, 2, 1, 1, 1, 1, 1, 1, 1, 1, 1, 1, 1, 1, 1, 1, 1, 1, 1, 1, 1, 1, 1, 6, 1, 1, 1, 1, 2, 2, 1, 1, 2, 1, 1, 2, 1, 1, 4, 1, 3, 7, 1, 1, 4, 3, 1, 1, 2, 1]"
20230623080526020022,"[92.372, 8.65, 8.65, 9.037, 9.037, 81.556, 46.551, 58.653, 9.332, 19.22, 2.447, 0.157, 0.61, 1.147, 0.238, 0.128, 0.78, 0.169, 0.195, 0.328, 0.213, 0.113, 0.943, 0.876, 0.856, 0.886, 0.527, 6.129, 3.171, 3.332, 14.791, 1.259, 1.551, 3.897, 7.693, 40.167, 0.786, 43.134, 58.463, 3.469, 0.997, 2.329, 3.809, 4.006, 2.952, 21.642, 3.514, 30.955, 0.624, 2.329, 0.99, 14.411, 3.716, 62.009, 2.107, 11.357, 2.156, 11.642, 2.961, 1.541, 3.587, 1.068, 9.162, 1.092, 0.136, 5.651, 1.021, 1.18, 4.597, 1.29, 0.974, 0.145, 0.899, 4.903, 0.569, 5.132]","[8.293000000000001, 59.60000000000001, 3.637999999999991, 8.293000000000001, 59.60000000000001, 3.637999999999991, 88.94699999999999, 88.94699999999999, 13.366999999999997, 3.7159999999999993, 0.9640000000000001, 1.6890000000000005, 12.995999999999995, 2.866, 0.8420000000000001, 1.5310000000000001, 5.872000000000001, 55.64]","[1, 4, 4, 2, 2, 1, 1, 2, 2, 1, 1, 1, 1, 1, 1, 1, 1, 1, 1, 1, 2, 1, 1, 1, 1, 1, 1, 1, 2, 1, 1, 1, 1, 1, 1, 2, 1, 1, 1, 1, 1, 1, 1, 1, 1, 1, 2, 1, 1, 1, 1, 1, 1, 1, 1, 1, 1, 1, 2, 1, 1, 2, 1, 1, 1, 1, 1, 1, 1, 1, 1, 2, 2, 1, 1, 1]"
20230623080523818009,"[24.031, 54.655, 37.919, 87.163, 1.182, 15.831, 54.655, 0.874, 3.207, 16.799, 0.691, 6.612, 1.006, 15.34, 2.46, 2.229, 0.445, 3.029, 2.565, 2.02, 2.001, 3.817, 0.977, 24.031, 0.708, 6.377, 3.487, 2.382, 1.879, 2.52, 12.187, 19.61, 12.406, 1.828]","[33.973, 50.797, 33.973, 0.20400000000000063, 0.788, 0.3860000000000001, 0.32799999999999985, 0.1379999999999999, 0.22300000000000075, 0.3759999999999999, 0.2959999999999994]","[1, 2, 2, 1, 1, 1, 2, 1, 1, 2, 1, 1, 2, 1, 2, 2, 1, 1, 1, 1, 1, 1, 1, 1, 1, 3, 1, 1, 2, 1, 1, 1, 2, 1]"
20230623080527070029,"[8.72, 29.489, 87.134, 87.134, 3.189, 0.588, 8.72, 0.948, 0.737, 3.393, 4.372, 26.583, 1.17, 0.859, 3.817, 0.948, 1.039, 2.56, 1.17, 3.817, 0.78, 1.45, 1.704, 4.823, 1.393, 1.306, 1.345, 1.353, 0.72, 0.289, 0.194, 7.226, 2.685, 0.677, 7.684, 0.759, 4.221, 0.923, 20.847, 0.112, 0.326, 1.388, 2.56, 1.039, 0.179, 0.169, 0.106, 0.232, 0.8, 0.855, 1.971, 0.683, 0.878, 7.218, 0.883, 1.719, 0.774, 2.56, 4.28, 0.859, 2.935, 1.285, 4.226, 1.17, 3.615, 0.807, 0.503, 0.755, 0.591, 0.909, 4.266, 1.748, 4.501, 2.165, 1.111, 0.894, 2.098, 1.631, 0.892, 3.033, 8.689, 2.081]","[27.759, 28.477000000000004, 48.11, 48.520999999999994, 27.759, 28.477000000000004, 6.271, 1.178, 0.752, 0.49599999999999994, 1.439, 1.009, 1.072, 76.603, 5.548000000000002, 6.38900000000001, 16.732000000000003, 24.67, 54.42099999999999, 0.05300000000001148, 0.30800000000000005, 0.09999999999999998, 0.10799999999999987, 0.15600000000000003, 1.785, 35.416000000000004, 23.269999999999996]","[3, 1, 1, 1, 3, 1, 3, 1, 2, 1, 1, 1, 1, 1, 1, 1, 1, 1, 1, 1, 2, 1, 1, 1, 1, 1, 1, 1, 1, 2, 3, 1, 1, 1, 1, 2, 1, 1, 1, 1, 1, 1, 1, 1, 1, 1, 1, 1, 1, 2, 1, 1, 1, 1, 1, 1, 1, 1, 1, 1, 1, 1, 4, 1, 1, 5, 4, 2, 4, 1, 1, 1, 1, 1, 1, 1, 1, 1, 1, 1, 1, 1]"
20230623080525551019,"[5.447, 50.871, 0.755, 0.351, 0.496, 4.287, 0.385, 0.54, 1.717, 56.802, 31.241, 0.785, 0.86, 1.162, 1.566, 1.094, 0.621, 1.01, 1.635, 1.492, 0.666, 1.906, 0.742, 0.779, 1.359, 1.408, 1.097, 1.136, 1.346, 0.918, 0.501, 1.284, 0.47, 1.336, 0.801, 1.669, 1.366, 0.446, 1.584, 0.843, 0.577, 0.223, 0.37, 0.876, 0.267, 0.126, 2.089, 1.356, 1.473, 0.111, 1.067, 1.979, 0.106, 2.234, 0.116, 0.101, 0.965, 0.13, 0.15, 0.11, 1.165, 0.115, 1.166, 0.102, 1.143, 1.53, 2.452, 1.831, 0.273, 0.232, 0.972, 0.276, 0.241, 0.942, 0.894, 0.222, 0.271, 0.274, 0.231, 0.901, 0.279, 1.068, 1.136, 0.947, 1.14, 1.544, 0.634, 0.82, 0.693, 0.335, 0.292, 1.904, 1.168, 0.294, 0.296, 1.456, 8.151, 0.356, 1.256, 0.417, 0.221, 0.135, 0.27, 0.236, 0.275, 0.997, 1.389, 1.108, 0.763, 0.976, 1.24, 0.74, 0.871, 1.5, 0.636, 1.511, 0.41, 1.078, 0.536, 0.661, 0.896, 1.968, 1.823, 0.831, 0.856, 0.871, 0.412, 0.439, 0.845, 0.639, 0.483, 4.344]","[14.847000000000001, 4.8729999999999976, 0.834, 0.0, 0.516, 0.6679999999999999, 1.15, 0.644, 0.9179999999999999, 1.061, 1.81, 0.4950000000000001, 1.17, 1.1440000000000001, 1.054, 1.1280000000000001, 0.0, 0.723, 4.692, 1.076, 1.0790000000000002, 0.795, 0.956, 0.42700000000000005, 0.5700000000000001, 2.2579999999999996, 0.5250000000000004, 3.9220000000000006, 0.48099999999999987, 0.5239999999999991, 2.7889999999999997, 2.0410000000000004, 10.337, 4.249000000000002, 2.0329999999999977, 2.2720000000000002, 2.4, 0.555, 0.0, 28.984, 4.52, 24.664, 0.705, 0.8240000000000001, 0.472, 9.624, 4.527, 15.246999999999998, 1.001]","[2, 2, 2, 3, 2, 1, 1, 2, 1, 1, 1, 2, 1, 1, 1, 1, 2, 1, 1, 1, 2, 1, 1, 3, 1, 1, 1, 1, 1, 1, 2, 1, 2, 1, 1, 1, 1, 2, 1, 3, 1, 3, 2, 1, 2, 1, 1, 1, 1, 1, 1, 1, 2, 1, 1, 1, 1, 1, 1, 1, 1, 2, 1, 1, 8, 2, 2, 4, 1, 1, 1, 1, 1, 1, 1, 1, 1, 1, 1, 1, 1, 1, 1, 1, 1, 1, 1, 1, 1, 2, 1, 1, 1, 1, 1, 2, 1, 3, 1, 1, 1, 1, 1, 1, 1, 2, 1, 1, 1, 1, 1, 2, 2, 1, 2, 1, 2, 1, 2, 2, 1, 1, 1, 1, 1, 1, 1, 2, 2, 1, 2, 1]"
20230623080522788004,"[2.58, 79.816, 48.523, 5.508, 36.93, 5.949, 2.133, 1.429, 0.357, 1.616, 2.173, 9.852, 0.978, 1.027, 0.898, 0.445, 2.925, 1.524, 4.401, 1.0, 2.602, 3.918, 31.334, 1.601, 3.737, 5.694, 2.173, 2.873, 1.014, 1.991, 16.904, 0.799, 1.743, 3.726, 3.67, 0.933, 3.379, 1.679, 4.271, 1.356, 2.246, 2.71, 2.301, 1.858, 0.756, 1.416, 4.053, 6.894, 4.501, 2.25, 1.637, 0.898, 5.949, 2.329, 2.378, 5.949, 1.53, 5.732, 4.468, 2.233, 1.086, 5.389, 5.643, 3.328, 1.008, 3.219, 1.143, 2.46, 1.475, 3.561, 4.576, 1.775, 5.307, 1.328, 2.165, 1.898, 11.403, 5.203, 2.203, 1.724, 1.152, 1.338, 1.636, 19.59, 3.086, 1.129, 0.879, 5.632, 9.749, 3.789, 49.69, 16.176, 0.825, 3.807, 2.515, 4.851, 4.046, 3.055, 0.918, 1.645, 1.824, 6.136, 1.916, 3.741, 2.301, 1.529, 1.266, 1.076, 1.24, 4.602, 0.207, 1.79, 1.415, 1.336, 0.126, 18.716, 2.329, 4.468, 1.933, 23.409, 0.537, 0.788, 1.944, 2.015, 3.54, 3.24, 2.384, 0.473, 2.316, 0.53, 0.934, 1.394, 0.925, 1.326, 1.781, 1.162, 1.98, 5.536, 1.695, 0.797, 2.284, 1.611, 0.953, 1.53, 1.861, 1.369, 2.577, 2.341, 0.494, 1.134, 1.232, 1.235, 1.372, 1.318, 1.361, 2.094, 2.808, 0.64, 0.642, 4.692, 3.143, 3.321, 2.664, 3.557, 1.62, 1.463, 3.19, 1.325, 2.398, 1.373, 6.664, 1.981, 8.373, 8.679, 47.498, 6.345, 1.11, 3.52, 2.834, 1.313, 0.939, 1.384, 2.242, 6.721, 6.231, 1.61, 2.435, 0.752, 42.252, 21.953, 1.648, 1.837, 2.049, 1.616, 4.696, 1.555, 1.475, 1.451, 1.329, 1.797, 0.317, 0.684, 2.234, 3.738, 3.191, 1.172, 0.882, 0.955, 1.552, 1.229, 2.268, 1.935, 0.867, 0.508, 3.415, 4.59, 3.507, 1.994, 0.81, 2.877, 86.496, 0.487, 7.15, 6.317, 1.705, 1.468, 1.573, 1.506, 1.522, 1.568, 3.505, 2.549, 3.704, 5.508, 1.711, 1.021, 1.888, 1.634, 0.303, 8.091, 3.122, 1.301, 17.883, 6.894, 4.501, 4.619, 1.47, 4.606, 3.421, 3.074, 9.445, 1.966, 4.814, 4.785, 2.107, 4.184, 1.787, 1.559, 5.537, 1.528, 3.254, 2.745, 13.119, 9.651, 2.097, 3.811, 0.421, 1.116, 4.245, 1.117, 0.438, 2.441, 1.994, 5.519, 9.759, 0.225, 2.578, 2.507, 1.832, 1.49, 1.034, 3.674, 1.561, 3.077, 1.228, 1.638, 4.251, 0.49, 9.675, 7.371, 2.079, 3.482, 8.845, 0.955, 1.27, 1.263, 1.81, 2.153, 0.756, 1.992, 5.103, 2.027, 0.794, 7.878]","[5.93, 4.418999999999997, 5.353999999999999, 8.543, 14.543, 1.165, 0.6720000000000002, 0.0, 3.888, 0.0, 0.5830000000000002, 0.992, 1.2320000000000002, 0.0, 1.48, 0.0, 0.6890000000000001, 2.836, 1.625, 10.125, 1.1819999999999986, 0.2579999999999991, 1.4700000000000002, 1.3749999999999996, 11.311, 11.336000000000002, 9.199000000000002, 0.25800000000000267, 0.42799999999999727, 1.457, 0.8649999999999998, 1.9400000000000002, 2.1, 1.348, 1.188, 15.879999999999999, 19.653, 4.7620000000000005, 4.742, 31.929, 1.0079999999999998, 44.606, 17.618000000000002, 12.893, 9.094, 10.08, 10.635, 9.529, 13.896999999999998, 2.0569999999999995, 1.0339999999999998, 1.124, 69.85, 12.921999999999997, 9.548, 1.124, 0.6749999999999998, 0.0, 1.6719999999999997, 0.0, 0.6400000000000001, 0.0, 0.7039999999999997, 0.0, 0.5840000000000001, 0.0, 3.4469999999999996, 0.0, 0.617]","[2, 3, 2, 1, 2, 1, 1, 1, 1, 2, 1, 1, 1, 6, 1, 2, 1, 1, 1, 1, 1, 1, 1, 1, 1, 1, 1, 1, 1, 1, 1, 1, 1, 2, 1, 1, 1, 1, 1, 1, 1, 1, 1, 1, 1, 3, 3, 1, 1, 1, 1, 1, 1, 1, 1, 1, 1, 1, 1, 3, 1, 1, 4, 1, 1, 1, 1, 1, 1, 1, 1, 1, 1, 1, 1, 1, 1, 1, 1, 1, 1, 1, 1, 1, 1, 1, 2, 1, 1, 2, 1, 1, 3, 1, 1, 1, 1, 1, 1, 1, 1, 1, 1, 1, 1, 1, 1, 1, 1, 1, 1, 1, 2, 1, 1, 1, 1, 1, 1, 3, 1, 1, 1, 1, 1, 1, 1, 1, 1, 2, 1, 1, 1, 1, 1, 1, 1, 1, 1, 1, 1, 1, 1, 1, 1, 1, 1, 2, 2, 2, 2, 2, 1, 1, 1, 1, 1, 1, 1, 1, 1, 1, 1, 1, 1, 1, 1, 3, 1, 1, 1, 1, 1, 1, 1, 1, 1, 1, 1, 1, 1, 2, 1, 1, 1, 2, 1, 1, 1, 1, 1, 2, 1, 1, 1, 1, 1, 1, 1, 1, 1, 1, 1, 1, 1, 1, 1, 1, 1, 1, 1, 1, 1, 1, 1, 1, 1, 2, 1, 1, 1, 1, 1, 2, 2, 2, 2, 2, 2, 2, 1, 1, 1, 1, 1, 1, 1, 1, 1, 1, 1, 1, 1, 1, 1, 1, 1, 1, 1, 1, 1, 1, 1, 1, 1, 1, 1, 1, 1, 1, 1, 1, 1, 1, 1, 1, 1, 1, 1, 2, 1, 1, 1, 2, 1, 3, 1, 1, 1, 1, 1, 3, 1, 1, 2, 2, 1, 1, 1, 1, 2, 1, 1, 5, 1, 1, 5, 5, 1, 1, 1, 1, 1, 1]"
20230623080524504012,"[83.408, 1.382, 80.882, 37.264, 3.355, 2.584, 1.204, 0.997, 0.944, 0.22, 0.291, 0.929, 7.301, 2.14, 0.763, 2.81, 1.838, 1.007, 0.755, 2.138, 1.863, 0.346, 1.012, 1.951, 0.992, 0.897, 1.943, 2.031, 2.012, 1.565, 6.286, 2.643, 2.066, 2.03, 1.508, 13.218, 1.997, 1.408, 1.0, 0.781, 0.912, 1.045, 1.019, 0.459, 0.97, 1.014, 0.966, 0.298, 1.717, 6.221, 7.008, 3.095, 3.061, 1.382, 0.854, 0.648, 29.978, 2.176, 0.721, 1.903, 9.566, 5.367, 4.164, 1.961, 1.53, 10.159, 2.115, 11.481, 1.724, 3.656, 3.952, 2.379, 3.365, 4.326, 3.602, 1.53, 4.635, 2.752, 1.109, 1.529, 1.243, 1.569, 2.155, 1.082, 0.773, 4.855, 2.92, 4.464, 1.068, 5.357, 2.773, 1.801, 1.859, 1.467, 4.111, 1.894, 1.032, 2.378, 11.216, 11.241, 3.645, 1.62, 3.23, 9.023, 4.916, 1.011, 2.465, 1.142, 1.976, 2.537, 2.537, 37.586, 1.888, 1.351, 2.635, 1.658, 3.055, 0.818, 3.889, 1.777, 2.104, 3.134, 0.989, 0.319, 1.08, 1.024, 1.571, 1.585, 0.787, 5.17, 2.67, 1.184, 5.422, 1.851, 10.761, 0.633, 6.134, 1.001, 2.202, 1.26, 0.652, 0.961, 1.061, 2.083, 2.895, 1.805, 1.097, 1.199, 32.139, 1.187, 1.166, 2.152, 17.014, 0.832, 5.602, 3.352, 67.722, 1.378, 1.382, 2.29, 2.743, 3.939, 8.093, 2.537, 2.014, 5.753, 10.106, 14.464, 5.549, 3.596, 1.277, 0.87, 1.394, 1.088, 1.021, 2.08, 1.462, 0.728, 3.799, 1.068, 1.12, 1.218, 0.317, 0.622, 3.602, 1.645]","[8.089, 1.7319999999999993, 0.743, 0.7759999999999999, 0.671, 2.3920000000000003, 1.8559999999999999, 0.9290000000000003, 0.24300000000000033, 0.3519999999999994, 1.1930000000000005, 1.1509999999999998, 8.089, 15.704, 61.539, 1.888, 0.728, 1.0950000000000002, 0.18299999999999983, 0.22299999999999986, 11.545, 0.2240000000000002, 0.4079999999999999, 1.116, 1.116, 0.14600000000000013, 0.22499999999999987, 0.56, 8.803999999999998, 0.667, 0.719, 5.468, 19.003999999999998, 12.411, 0.32600000000000007, 1.116, 1.736]","[1, 2, 2, 1, 1, 1, 1, 1, 1, 1, 1, 1, 1, 1, 2, 1, 1, 1, 1, 1, 1, 1, 1, 1, 1, 1, 1, 1, 1, 1, 1, 1, 1, 1, 1, 1, 1, 1, 1, 1, 2, 1, 1, 1, 1, 1, 1, 3, 1, 1, 1, 1, 7, 2, 1, 3, 1, 1, 2, 1, 1, 1, 1, 1, 1, 1, 1, 1, 2, 1, 1, 1, 1, 1, 1, 1, 1, 1, 1, 1, 1, 1, 1, 1, 2, 1, 1, 2, 1, 4, 1, 1, 1, 1, 1, 1, 1, 2, 1, 1, 1, 1, 1, 1, 1, 1, 1, 1, 1, 2, 2, 1, 1, 3, 1, 1, 1, 1, 1, 1, 2, 1, 1, 1, 1, 1, 1, 1, 1, 1, 1, 1, 1, 1, 1, 2, 1, 1, 1, 2, 2, 2, 1, 1, 1, 1, 1, 1, 1, 2, 1, 1, 1, 2, 1, 1, 1, 1, 2, 1, 1, 1, 1, 2, 1, 1, 1, 1, 1, 1, 1, 1, 1, 1, 1, 1, 1, 1, 1, 1, 1, 1, 2, 1, 1, 1]"
20230623080525689020,"[25.491, 77.215, 77.215, 95.597, 34.957, 90.132, 64.13, 1.012, 0.102, 1.289, 1.1, 0.904, 25.491, 0.439, 0.904, 0.209, 0.904, 1.241, 0.399, 5.616, 0.265, 0.402, 1.0, 1.088, 0.904, 0.14, 0.484, 0.836, 0.461, 0.545, 0.642, 0.433, 0.204, 0.405, 0.299, 0.56, 0.686, 1.004]","[25.478, 26.677, 7.0519999999999925, 8.122, 7.0519999999999925, 8.122, 0.0, 0.9200000000000002, 2.194, 25.478, 26.677, 2.194, 2.194, 0.506, 0.776, 2.194, 0.416, 8.064, 0.457, 0.46299999999999997, 0.624, 0.481, 0.48, 0.599]","[3, 3, 3, 1, 1, 1, 1, 1, 1, 3, 1, 2, 3, 1, 2, 1, 2, 3, 1, 1, 1, 1, 1, 1, 2, 1, 1, 1, 2, 2, 1, 3, 3, 2, 2, 1, 1, 1]"
20230623080524677013,"[15.959, 0.554, 0.875, 4.509, 1.024, 2.082, 3.313, 2.377, 10.55, 5.434, 1.653, 2.799, 1.508, 3.192, 1.496, 2.948, 5.401, 12.993, 3.446, 2.205, 7.591, 1.612, 1.91, 8.694, 1.987, 2.303, 24.711, 1.41, 50.465, 1.81, 2.091, 1.538, 2.34, 2.853, 1.367, 7.448, 2.651, 0.897, 1.112, 1.424, 1.788, 1.821, 2.199, 1.316, 2.583, 0.963, 3.355, 5.842, 3.393, 1.92, 0.436, 3.247, 7.382, 1.539, 1.498, 1.009, 1.234, 1.133, 1.144, 1.555, 1.555, 1.555, 3.654, 4.471, 2.694, 2.881, 1.891, 1.555, 1.356, 2.981, 45.591, 14.821, 1.308, 1.386, 4.578, 1.555, 3.081, 1.795, 4.641, 1.555, 0.881, 84.803, 1.365, 4.455, 1.113, 2.961]","[5.6320000000000014, 0.988, 0.784, 14.467999999999998, 11.015, 10.945, 27.220000000000002, 0.92, 0.976, 0.7280000000000002, 0.8240000000000003, 0.504, 0.5539999999999998, 0.9950000000000001, 6.3759999999999994, 7.519999999999996, 0.4480000000000075, 0.833]","[2, 2, 2, 1, 1, 1, 4, 1, 1, 1, 2, 1, 1, 1, 1, 1, 1, 1, 1, 1, 1, 1, 1, 1, 1, 1, 1, 1, 1, 1, 1, 1, 1, 1, 1, 1, 1, 1, 1, 1, 1, 1, 1, 1, 1, 2, 1, 1, 1, 1, 2, 1, 1, 1, 1, 1, 1, 1, 1, 1, 1, 1, 1, 1, 2, 2, 3, 1, 1, 1, 1, 1, 1, 1, 2, 1, 1, 1, 1, 1, 2, 3, 1, 1, 2, 1]"
20230623080523979010,"[85.611, 93.063, 1.31, 8.536, 1.88, 1.526, 4.354, 0.264, 0.264, 4.354, 0.264, 4.354, 4.354, 4.354, 12.975, 2.527, 0.619, 93.063, 3.268, 1.385, 2.012, 4.929, 1.111, 14.8, 4.636, 29.656, 9.483, 1.298, 1.423, 1.303, 3.701, 1.699, 9.56, 1.612, 1.298, 1.852, 9.039, 3.614, 2.325, 0.941, 3.65, 0.836, 0.621, 5.852, 1.631, 11.715, 1.939, 1.298, 1.883, 1.773, 1.973, 8.581, 0.148, 2.85, 1.62, 0.941, 23.494, 1.373, 13.207, 7.828, 1.693, 4.858, 2.185, 2.391, 5.911, 2.186, 0.941, 1.777, 3.494]","[5.564, 85.694, 79.743, 0.33699999999999997, 0.6709999999999998]","[1, 1, 3, 2, 1, 1, 1, 1, 1, 1, 1, 1, 1, 1, 1, 1, 1, 1, 1, 1, 1, 1, 1, 1, 1, 1, 1, 1, 1, 1, 1, 1, 1, 1, 1, 1, 1, 1, 1, 1, 1, 1, 2, 1, 1, 1, 1, 1, 1, 1, 1, 1, 1, 1, 1, 1, 1, 1, 1, 1, 1, 1, 2, 1, 1, 1, 1, 1, 1]"
20230623080526748027,"[0.946, 2.502, 0.884, 5.331, 4.036, 19.925, 3.345, 4.198, 5.597, 4.867, 4.839, 0.429, 8.193, 1.45, 2.722, 2.134, 2.102, 2.85, 1.368, 2.309, 9.967, 1.756, 3.205, 0.946, 2.147, 1.272, 2.081, 3.338, 0.855, 3.447, 4.329, 1.252, 3.566, 2.127, 4.972, 1.899, 0.732, 0.524, 36.445, 0.448, 3.426, 5.289, 2.776, 1.541, 0.406, 0.743, 33.075, 3.562, 8.064, 4.127, 5.754, 6.616, 0.1, 0.981, 0.103, 1.175, 1.161, 0.445, 9.494, 4.53, 5.606, 1.818, 4.545, 1.393, 7.454, 1.229, 8.177, 2.47, 44.317, 2.198, 1.82, 1.508, 1.692, 3.932, 2.037, 0.481, 1.825, 7.451, 1.845, 1.012, 1.015, 1.744, 0.692, 3.203, 5.089, 4.902, 1.172, 4.321, 5.547, 2.72, 2.696, 3.14, 2.362, 1.142, 2.293, 1.86, 32.213, 6.689, 10.894, 15.527, 83.036, 3.15, 61.752, 4.958, 0.284, 1.45, 1.189, 0.121, 0.168, 0.164, 0.223, 0.634, 1.247, 2.027, 7.489, 1.011, 6.999, 1.072, 2.343, 36.046, 1.674, 25.585, 9.564, 9.653, 28.284, 6.143, 11.754, 16.148, 0.975, 0.896, 3.421, 10.191, 2.15, 28.763, 1.557, 5.551, 4.077, 0.589, 1.887, 0.808, 19.136, 1.157, 0.496, 0.994, 2.183, 2.737, 1.629, 2.688, 1.558, 3.303, 2.707, 8.231, 0.841, 1.359, 2.23, 1.605, 10.835, 2.251, 2.51, 0.718, 5.479, 26.398, 11.076, 15.55, 16.44, 14.047, 19.088, 16.491, 14.58, 16.478, 10.243, 11.937, 17.515, 11.221, 8.128, 11.641, 19.156, 2.283, 7.906, 4.066]","[0.7679999999999998, 0.2569999999999979, 0.703000000000003, 0.9879999999999995, 6.863999999999997, 20.512000000000004, 2.646, 18.45, 0.20699999999999985, 0.17999999999999994, 0.3440000000000003, 2.816, 21.584, 15.095999999999998, 10.577, 2.863, 8.524, 0.19099999999999984, 0.4159999999999968, 1.044, 0.731, 0.56, 1.9160000000000001, 3.4370000000000003, 0.15700000000000003, 4.247, 1.5700000000000003, 2.0570000000000004, 1.5739999999999998, 82.119, 37.547000000000004, 22.144, 2.2880000000000003, 0.8220000000000001, 1.176, 1.512, 2.752, 1.379]","[1, 1, 1, 2, 1, 6, 1, 3, 1, 1, 2, 1, 1, 1, 1, 1, 1, 1, 1, 1, 1, 1, 1, 1, 1, 1, 1, 1, 1, 1, 1, 1, 1, 1, 1, 1, 1, 1, 1, 1, 1, 1, 1, 1, 2, 1, 1, 1, 1, 2, 1, 1, 1, 1, 2, 1, 1, 1, 2, 1, 1, 1, 1, 1, 1, 1, 1, 2, 1, 1, 1, 1, 2, 1, 1, 2, 1, 1, 1, 1, 1, 1, 2, 1, 1, 1, 1, 1, 1, 1, 1, 1, 1, 1, 2, 1, 1, 1, 1, 1, 2, 1, 1, 1, 1, 1, 1, 2, 3, 2, 2, 1, 1, 1, 1, 3, 1, 1, 1, 1, 1, 1, 4, 1, 1, 1, 1, 1, 2, 1, 1, 1, 1, 1, 1, 1, 3, 1, 1, 1, 1, 1, 1, 1, 2, 2, 1, 1, 1, 1, 1, 1, 2, 1, 3, 1, 1, 1, 1, 1, 1, 1, 1, 1, 1, 1, 1, 1, 1, 1, 1, 1, 1, 1, 1, 1, 1, 2, 1, 1]"
20230623080525092016,"[74.696, 1.488, 0.69, 0.462, 0.109, 1.031, 0.952, 0.962, 1.051, 0.878, 1.048, 1.011, 0.976, 0.983, 0.147, 1.551, 0.556, 0.819, 0.568, 2.006, 0.88, 1.165, 0.323, 1.226, 0.931, 0.853, 0.107, 1.279, 1.176, 0.636, 0.424, 0.971, 2.66, 0.123, 1.927, 0.932, 1.308, 1.018, 3.308, 0.891, 0.968, 4.534, 0.983, 1.545, 0.115, 0.825, 0.823, 1.87, 1.365, 4.757, 1.519, 1.33, 1.149]","[5.4, 4.5120000000000005, 0.984, 1.76, 0.0, 4.633, 1.58, 1.3000000000000003, 10.472, 9.864, 14.376999999999999, 3.011000000000003, 5.299999999999997, 10.74, 10.999, 3.703999999999999, 2.8919999999999995, 3.8480000000000025, 4.68, 11.968]","[1, 2, 1, 2, 2, 1, 1, 1, 1, 1, 1, 1, 1, 1, 3, 2, 2, 1, 3, 1, 1, 5, 1, 1, 1, 1, 2, 5, 1, 1, 1, 2, 1, 2, 1, 1, 1, 1, 1, 1, 1, 1, 1, 1, 1, 1, 1, 1, 1, 1, 1, 1, 1]"
20230623080526347024,"[37.892, 1.408, 3.468, 3.458, 3.29, 8.017, 19.114, 95.275, 42.609, 3.219, 3.734, 1.617, 0.132, 8.605, 15.029, 0.682, 1.391, 1.842, 5.213, 5.611, 0.994, 2.219, 2.823, 19.33, 1.198, 1.484, 2.122, 0.106, 16.719, 4.937, 0.714, 1.833, 3.797, 10.028, 17.326, 5.086, 17.401, 2.573, 9.266, 1.158, 3.931, 3.809, 7.993, 2.243, 4.961, 4.048, 7.866, 3.409, 5.526, 3.32, 4.39, 2.302, 2.234, 4.657, 3.729, 2.151, 19.963, 45.532, 6.65]","[1.347999999999999, 1.908, 4.908, 21.144, 12.983, 1.5439999999999998, 1.108, 0.0, 0.0, 0.0, 1.3120000000000003, 15.583999999999998, 0.0, 5.7280000000000015, 6.808, 0.0, 0.0, 0.0, 2.96, 0.0, 0.5039999999999996, 0.0, 0.5280000000000005, 0.0, 0.0, 0.0, 0.0, 0.6080000000000001, 0.9290000000000003, 0.5120000000000005, 0.7189999999999994, 0.0, 0.544, 0.31199999999999983, 0.0, 0.6560000000000001, 0.0, 0.7679999999999998, 0.0, 4.615, 0.0, 0.7039999999999997]","[1, 1, 1, 1, 1, 1, 1, 2, 1, 1, 1, 1, 2, 1, 1, 1, 1, 1, 1, 4, 2, 1, 1, 1, 1, 2, 1, 1, 1, 1, 1, 1, 1, 1, 1, 2, 2, 1, 1, 8, 2, 4, 3, 1, 1, 1, 3, 2, 2, 3, 4, 4, 3, 3, 1, 5, 1, 1, 1]"
20230623080522939005,"[9.046, 1.346, 0.381, 1.114, 0.278, 0.93, 2.47, 4.587]",[],"[1, 1, 1, 1, 1, 1, 1, 1]"
20230623080521880002,"[1.031, 1.109, 0.821, 0.589, 2.016]",[3.173],"[1, 1, 1, 1, 2]"
